"","title","contents"
"1","[DT현장] 부동산 대책, 대선 포기했나","유독 부동산 정책 실패는 인정했다. 그러면서 부동산 정책을 보완하겠다고 했다. 이제 내년 3월 대선까지 9개월 여가 남았다. 천정부지로 치솟는 부동산 가격에 한국주택토지공사(LH) 사태로 지난 보궐선거에서 '퍽' 소리..."
"2","민생 앞세운 송영길호, 부동산 표류 여전…당내 소통은 ‘합격’","윤관석 당 사무총장, 박완주 정책위의장 등 당내 비주류를 요직에 앉힌 ‘탕평’ 인사도 긍정적 평가를 받고 있다. 그러나 부동산 대책에서 당 지도부가 중심을 잡지 못한 점은 비판 지점으로 꼽힌다. ‘규제완화론자’인..."
"3","“공시가 현실화 80% 넘으면 안 돼… 부동산·세금 원점서 재검토해야” [구청...","조 구청장은 지난 27일 세계일보와 인터뷰에서 “세금이 과도하게 올라 민심이 이반된 상황에서 그것을 가장 빨리 알아채는 사람은 구청장”이라며 “잃어버린 국민의 신뢰를 회복하기 위해 부동산정책, 세금정책을..."
"4","與, 부동산 보완책 결정… 시험대 오른 '비주류' 송영길","연합뉴스 더불어민주당의 4·7 재보궐선거 참패 원인으로 지목된 문재인정부 부동산 정책에 대한 당 차원의 보완책이 27일 의원총회에서 결정될 예정이다. 당 부동산특위가 부동산 세제 및 금융규제 완화, 공급 확대 방안을..."
"5","與, 부동산 정책 보완 ‘용두사미’… 재산세 감면안만 확정","김용민 전 강남대 교수(부동산학)는 통화에서 이 같은 현 정부의 부동산정책 혼선과 관련해 “세금을 많이 물려서 부담을 가중해 (집을) 팔게 해서 값을 내린다는 것이 문재인정부의 부동산 정책이었다”면서 “사실..."
"6","민주당 ‘부동산 정책’ 의총… 세제 등 막판까지 충돌","민심을 고려해 부동산 정책을 대폭 손봐야 한다는 의견과 정부의 정책 기조를 유지해야 한다는 의견이 맞섰다. 다음 주쯤 발표되는 최종안에 합의 수준이 높은 재산세 등만 포함될 수 있다는 전망도 나온다. 윤호중..."
"7","[톺아보기]시장을 고려한 부동산 대책이 필요한 때","2017년 출범한 문재인 정부 초기 부동산 정책은 임대사업자 정책으로 요약된다. 많은 혜택을 주며 임대사업자 등록을 유도해 저항없이 임대수익에 대한 과세를 이뤄내려 했다. 하지만 임대사업자 제도와 갭투자 열풍이..."
"8","“청년·신혼부부 대상 LTV 완화”… 4년간 부동산 정책 뒤집은 與","또 17일 서울시 구청장들과 회의를 열고 부동산 정책 현안을 점검한다. 한편 금융위원회는 17일부터 은행 등 모든 금융권으로 확대 적용되는 토지, 오피스텔 등 비(非)주택담보대출에 대한 LTV 한도 규제를 16일까지..."
"9","[경제포커스] ‘부동산 죽비’의 실종","선거 패배에 결정적 영향을 미친 것이 현 정부의 부동산 실정과 LH 투기 사태 그리고 여권 인사들의 부동산 논란 등 부동산정책 실패라는 것이다. 그럼에도 집권여당은 여전히 자중지란에 빠져 있는 모습이다. 부동산..."
"10","[사설] 집값 또 급등하는데 부동산 대책은 용두사미","부동산 정책을 잘못 집행해 집값이 오른 책임을 국민에게 전가하는 셈이다. 양도세를 일시적으로 완화하는 것은 씨가 마른 주택 매물을 유도해 시장을 안정시키기 위한 조치다. 민주당이 이날 이 부분에 대해 결론을..."
"11","與 ‘부동산 규제 완화’ 불협화음… 지도부에서 “엉터리” 반발","강 최고위원은 특히 종부세와 양도세 문제를 지적하며 “다주택자 세부담 경감은 투기억제, 보유세 강화 등 우리 정부의 부동산 정책 기본방향과 역행한다”고 비판했다. 또한 “특히 양도세 중과는 작년 7월 대책 발표..."
"12","‘송영길표 부동산’ 용두사미될 듯","송 대표는 취임 직후부터 당대표 직속 기구인 부동산특위를 앞세워 전향적인 부동산 정책 변화를 추진했다. 특위는 출범 초기만 해도 규제 완화론자인 김 위원장 주도로 종부세 부과 기준을 기존 12억원까지 올리는 방안과..."
"13","“정부 투기지역 지정 정책 서울 집값 상승세 못 꺾어”","한국조세재정연구원의 송경호·권성오 부연구위원은 24일 재정포럼 정책연구에 실린 ‘정부의 부동산 정책이 주택시장에 미친 영향 분석’ 보고서에서 정부의 2017년 8·2 대책, 2018년 9·13 대책 효과에 대한 연구 결과를..."
"14","[구본영 칼럼] 서민 한숨만 키우는 주택정책","그렇다면 문재인정부는 독일의 월세상한제 위헌 결정을 정문일침으로 받아들여야 한다. 이제라도 빗나간 부동산 정책 전반을 시장원리에 맞게 궤도 수정할 때다. 구본영 논설위원"
"15","“부동산 대책의 순서가 뒤죽박죽” 3선 의원들 ‘송영길호’에 쓴소리","송 대표는 이 같은 비판을 예상한 듯 모두발언에서 “(부동산 정책을) 정책 의총에서 조속히 정리해 하나의 목소리가 되도록 뒷받침하겠다”고 말했다. 당의 쇄신이 느슨해졌다는 지적도 나왔다. 도종환 의원은 “지난 재..."
"16","文 ""부동산 죽비 맞고 정신번쩍…이재용 사면 국민공감대 고려""","문 대통령은 ""부동산 정책의 성과는 부동산 가격의 안정이란 결과로 집약되는데. 그것을 이루지 못했기 때문에 정말 부동산 부분만큼은 정부가 할말이 없는 상황이다""며 ""거기에 더해서 한국토지주택공사(LH) 비리까지..."
"17","부동산특위 띄웠지만, 세금 3종 세트 논의 중구난방","종부세를 완화하면 지금까지 정부의 부동산 정책 기조를 뒤집는 것이란 반발이 거세다. 이호승 청와대 정책실장도 지난 12일 라디오 방송에서 “종부세는 더 신중해야 하다”는 입장을 밝혔다. 양도세 문제는 더..."
"18","文, 부동산 '실패' 인정… 4년동안 서울 집값 34.95% 올라 [文대통령 취임 4주...","만에 부동산정책의 실패를 인정한 것은 4·7 재보선의 여권 참패가 가장 큰 영향을 끼쳤다는 분석이 나온다. 문 대통령이 무주택자 등 실수요자의 내 집 마련 부담을 완화하는 등 정책을 보완하겠다고 밝히면서 구체적으로..."
"19","[사설] “재산세 몇 푼 깎아준다니”… 민심 외면한 與 부동산정치","서상배 선임기자 더불어민주당이 어제 열린 정책의총에서 공시가격 6억∼9억원 주택의 재산세율을 0.05%포인트 감면해주는 내용의 1주택자 재산세 완화안을 당론으로 정했다. 민주당 부동산특위는 종합부동산세를 공시가..."
"20","[사설] 부동산 대책, 미봉책으로는 혼란 안 끝난다","당초 이번 논의는 부동산 정책 실패가 지난달 서울·부산시장 보궐선거에서 여당이 참패한 원인 가운데 하나로 꼽히면서 정책을 보완하자는 취지에서 출발했다. 무엇보다 급격한 부동산 관련 세금 부담의 완화가..."
"21","文대통령 취임 4주년…""부동산 문제 할 말이 없지만, 정책 기조는 유지""","문재인 대통령은 10일 취임 4주년 특별연설 및 기자회견을 통해 부동산 정책 등에서 일부 실패를 인정하고 아쉬움을 표했다. 그럼에도 소득주도성장을 비롯해 확장적 재정운용, 한국판 뉴딜, K-방역 등의 의미와 성과를 높이..."
"22","與, 부동산 '규제완화' 내놓나…보유세·공시가 손질","새 지도부를 구성 중인 더불어민주당이 1주택자 보유세(재산세·종합부동산세) 완화 및 공시가 현실화율 속도 조절 등을 검토하며 부동산 정책 수정을 본격화할 전망이다. 4·7 재·보궐선거에서 참패한 가장 큰 요인으로..."
"23","[사설] 국민의힘의 ‘부동산 감세 보따리’, 무책임하지 않나","재보궐선거 민심을 정책에 반영하는 것도 필요하다. 하지만 그 모든 것은 부동산 시장 안정과 조세 정의를 해치지 않는 선에서 이뤄져야 정당성이 있다. 국민의힘은 “세금폭탄으로 고통받는 1주택 실수요자들의 부담을..."
"24","“文정부가 ‘부동산 적폐’… 집값 잡을 방법 있는데 안 해” [세상을 보는 ...","그는 시민운동가 중 거의 유일하게 문재인정부의 부동산 정책에 대해 비판과 함께 대안을 제시하고 있다. 지난 6일 김 본부장을 만나 집값 폭등의 원인과 해법을 들어봤다. 그는 “집값을 잡을 방법이 없는 게 아니라 안..."
"25","[단독] 이의제기 3만7500건인데… 국토부 “공시가, 부동산 안정 기여”","국민의힘 이종배 의원은 “문재인 대통령이 부동산 정책과 관련해서 ‘죽비를 맞고 정신이 번쩍 들었다’고 했는데 알고 보니 자화자찬 파티에서 샴페인을 터뜨리고 있었다”면서 “민심에 역주행하는 부동산 정책..."
"26","홍남기 “공직·민간 포함해 부동산 적폐 완전히 개혁”","포함한 부동산 정책은 결코 흔들림, 멈춤, 공백없이 일관성있게 계획대로 추진해 나갈 것”이라고 말했다. 홍 부총리는 “대책없이 이들 계획이 지연 또는 취소될 경우 지금의 무주택자, 서민, 청년은 물론 미래 우리 아이..."
"27","“文정부의 부동산 실정·공정성 훼손이 LH 사태 불렀다”","민변은 이러한 결과에 대해 “주거, 자영업자 보호, 가계부채 등 민생문제 개혁에 집중하지 못한 결과”며 “LH 사건은 문 정부가 투기 억제, 절차적 공정성 강조라는 정책적 언명과 달리 부동산과 공직 사회에 관한 구조적..."
"28","‘부동산 규제 완화’ 뾰족수 없는 오세훈, 친정에 “도와달라”","오 시장은 11일 국민의힘 중앙당사에서 개최된 국민의힘·서울시 부동산정책협의회에서 참석해 “서울시 혼자만의 힘으로 해결하기 힘든 게 많다. 시의회와 국토부 비롯한 중앙정부나, 국회 법 개정을 통해 풀어야 할..."
"29","부동산 민심 폭발에도 홍남기 “정책 큰 틀 유지” [4·7 재보선 후폭풍]","뉴시스 보궐선거 과정에서 주택시장 규제 완화를 역설한 오세훈 국민의힘 후보가 압도적인 표차로 당선되면서 문재인정부 부동산정책에 변화가 있을지 주목된다. 여당이 서울의 25개구 전체에서 야당에 밀린 이번..."
"30","""아파트 환상 버리라""던 진선미 與부동산특위 위원장 맡는다","與 부동산부터 '새로고침' 윤호중 ""국민 눈높이에 맞게"" 당권주자들도 ""규제 풀어야"" ◆ 부동산정책 변곡점 ◆ 더불어민주당이 4·7 재보궐선거 참패를 계기로 부동산 정책 수정에 착수한다. 당 안팎 인사들이 대거 참여하는..."
"31","與 ""보유세 강화·거래세 인하""… 靑은 ""종부세 조정 신중"" [송영길 첫 부동산...","부동산 정책 수정론이 여권발로 당면한 최대 과제로 떠오른 가운데, 거래세 완화 방향성이 구체화될 조짐을 보이고 있다. 김진표 더불어민주당 부동산특별위원회 위원장은 12일 ""통상 거래세라고 하면 등록세 취득세를..."
"32","""문재인 정부, 시장 무시하고 무리하게 정책 추진""…진보 경제학자들도 등돌렸...","소득주도성장과 부동산 정책, 무분별한 예비타당성조사(예타) 면제 등을 지목하며 경제 관련 정책이 사실상 실패했다고 꼬집었다. 류덕현 중앙대 경제학부 교수와 우석진·원승연 명지대 경제학과 교수 등은 14일..."
"33","""종부세 때문에 선거 진것 아냐""…2주만에 시들해진 여당의 '부동산 반성'","부동산 정책 실패에는 공감하면서도 이를 극복할 대책이 종부세 완화라는 데 다수가 공감하지 못하는 것으로 전해졌다. 진성준 민주당 의원은 이날 한 라디오에서 ""종부세는 인구수로 따지면 1.3%, 66만명에 불과하다""며..."
"34","[여명] '불통'이 낳은 부동산 정책의 비극","결과적으로 모두 부동산 정책의 희생양이 된 것이다. 오세훈 서울시장이 규제 완화를 꺼내자 재건축 시장이 들썩이는 이유도 불통 정책이 낳은 산물이다. 현 정부, 그리고 김 전 장관 재임 기간 동안 재건축을 꽁꽁 묶기만..."
"35","LH직원 부동산 불법취득땐 바로 퇴출… 과거사례엔 미적용 ['갈팡질팡' 부동산...","내부정보를 통한 부동산 투기 등으로 존폐 위기를 겪고 있는 한국토지주택공사(LH)가 관련 정관을 모두 뜯어고쳤다. LH 직원이 부동산 취득 과정에서 위법 행위를 할 경우 곧바로 직권면직을 할 수 있게 됐다. 다만 'LH 사태..."
"36","[아시아초대석]조대엽 정책기획위원장 ""文정부 마지막 1년, 국민이 정책효과 ...","-종합부동산세나 재산세 완화 등 부동산 정책 논쟁이 한창이다. ▲부동산 대책은 늘 시급한 과제다. 정부가 추구해 온 방향성에 어긋나지 않는 범위에서 조율할 것은 해야 한다. -문재인 정부의 ‘공정’에 대한 약속. 4년이..."
"37","부동산 할말 없게 됐다는 文…기조는 안바꾼다","문 대통령은 특별연설 뒤 취재진과의 질의응답에서 ""부동산 가격을 안정시키겠다는 목표를 이루지 못했다""며 사실상 부동산정책 실패를 자인했다. 이어 ""지난 보궐선거에서도 그에 대해 아주 엄중한 심판을 받았다. 정말..."
"38","40대 “부동산 선거” 20대 “젠더 선거”","회사원 최모씨(40·여)는 “재건축·재개발에 관심이 있는데, 민주당이 추진하는 방향으론 어렵다”며 “부동산 정책을 잡아주고 안정시킬 수 있는 사람이 시장이 되어야 한다”고 했다. 사업가 이모씨(40·남)는 “어느..."
"39","들끓는 부동산 민심에, 김상조 경질","부동산정책 불신으로 인한 민심 이반을 의식한 듯 문 대통령은 이날 오후 청와대에서 열린 ‘부동산 부패 근절을 위한 공정사회 반부패정책협의회’를 주재하면서 “국민들의 분노” 표현을 세 차례나 언급했다. 문..."
"40","노형욱 “부동산 안정-투기 근절이 가장 큰 숙제”","18일 “부동산시장 안정과 투기 근절에 대한 국민 신뢰 확보가 가장 큰 숙제”라고 밝혔다. 최근 규제 완화 기대감에 서울 재건축 아파트 값이 오르는 등 가격 불안 조짐이 일자 시장 안정을 최우선 정책 목표로 꼽은..."
"41","""보유세 강화 적절하다""는 변창흠…부동산 정책 달라질 게 없다","변 후보자가 장관이 되면 이미 시장에서 실패로 드러난 기존 부동산 정책을 그대로 이어갈 뿐만 아니라 오히려 더 강화할 수도 있다는 우려가 나온다. “세금폭탄 아니다. 세 부담 더 늘려야” 21일 국회와 국토부에..."
"42","정세균, 총리시절 자문그룹이 외곽서 정책 조언","명지대 부동산학과 교수, 이수옥 국토연구원 주택토지연구본부장 등이 참여했다. 이 밖에도 총리 시절 국민소통 특보를 맡았던 한상익 가천대 사회정책대학원 교수, 정 전 총리의 개인 싱크탱크 격인 '국민시대'의..."
"43","[오늘의시선] 신뢰 잃은 文정부, 국가정책 추진 ‘난망’","부동산 정책이 그런 사안인데, 2019년 11월 19일 문 대통령은 ‘국민이 묻는다, 2019 국민과의 대화’ 프로그램에서 “부동산 문제는 정부에서 잡을 자신이 있다”고 장담했었다. 그런데 이런 장담이 완전히 무색하게도..."
"44","與 “공시가 인상 제한”… 선거때만 부동산 규제 푸는 척","이런 정부 여당의 부동산 정책에 정치권에선 “평소에는 부동산 단속반, 선거 때는 부동산 떴다방”이라는 비판이 나왔다. 민주당 홍익표 정책위의장은 30일 공시지가 인상 조정 관련, “당에서 적극적으로 어떻게..."
"45","당정, 성난 민심에 부동산정책 재검토… 대출 규제 손본다","뉴시스 4·7 재·보궐선거를 기점으로 문재인정부의 부동산정책 수정도 불가피할 전망이다. 서울시장이 바뀌면서 이미 서울 부동산정책 변화를 예고했고, 여당 역시 선거를 거치면서 확인한 부동산정책 수정 요구를..."
"46","말 아낀 靑… 부동산정책 방향 틀까","다만 문 대통령이 국정 운영 기조 전반에 대해 사과하거나 부동산 등 정책 기조를 과감하게 바꿀지는 미지수다. 한 청와대 참모는 “문 대통령이 LH 사태와 관련해 이미 대국민 사과를 했다”며 “대출 규제 완화와..."
"47","“공시가-종부세 재점검”… 정책변화 내비친 박완주","“부동산 공급 대책이 과연 적절했는지, 현재의 세금 체계가 과연 맞는지 의견을 듣겠다.” 더불어민주당 원내대표 경선에 도전한 박완주 의원(55·충남 천안을)은 14일 동아일보 인터뷰에서 “부동산정책이 잘못됐다는..."
"48","부동산정책 방향잃은 당정…공시가 인상 속도 조절하나","‘4·7 보궐선거’를 코앞에 두고 정부·여당의 부동산 정책이 흔들리고 있다. 4년 내내 규제를 해오던 정부가 선거가 임박하자 대출규제 완화 카드를 꺼낸 데 이어 이번엔 ‘부동산 공시가격 인상률 상한’과..."
"49","[단독] ""한국부동산원 통계 잘못됐다""","얼마나 문제 많길래…10년 만에 대수술 부동산 정책 책임자들이 집값 안정의 단골 인용 대상으로 삼는 부동산원의 주택가격 통계가 수술대에 오른다. 통계청의 정기 품질진단 결과 “문제가 많아 개선이..."
"50","稅폭탄 분노 ‘터질 게 터졌다’…사면초가 빠진 부동산 정책","문재인 정부의 부동산 정책을 놓고 최근 여당과 정부·청와대 간 ‘엇박자’가 드러나면서 부동산시장이 혼란에 빠지고 있다. 여당이 부동산 정책 실패를 인정하는 사이, 정부는 공시가를 올려 ‘세금 폭탄’을 부과하고..."
"51","안철수, 박영선·우상호에 “박원순·부동산 사과하라”","안철수 국민의당 대표가 박영선 전 중소벤처기업부 장관과 우상호 의원 등 더불어민주당 서울시장 후보들을 향해 고(故) 박원순 전 서울시장의 성추행 의혹 사건과 현 정부의 부동산 정책에 대해 사과해야 한다고 목소리를..."
"52","與 부동산특위 위원장에 '경제통' 김진표 내정... 양도세도 검토하나","김 의원은 다주택자 양도세 한시적 감면이나 정부 소유 골프장 용지를 통한 신속한 주택 공급 확대를 당에 건의하는 등 부동산 세제나 공급 정책에서 정부와 다른 목소리를 내왔다. 이에 송영길 대표가 4·7 재..."
"53","‘부동산대전’된 4.7 서울시장 보선… 대책 쏟아내는 후보들","규체 완화 정책으로는 △부동산세 완화 △무주택자 대상 DTI, LTV 등 대출제한 완화 △주택청약제도 개선 △임차인 보호조항을 강화해 임대차3법 개선 등을 제시했다. 나 전 의원은 이날 재건축 정밀안전진단을 앞둔 서울..."
"54","노형욱 국토장관 후보자 “부동산정책 굉장히 아쉽다”… 7월前 보유세 완화 ...","노형욱 국토교통부 장관 후보자가 문재인 정부의 부동산 정책과 관련해 “굉장히 아쉽다”는 견해를 밝혔다. 노 후보자는 4일 국회에서 열린 인사청문회에서 더불어민주당 조응천 의원이 “스물 몇 번씩 부동산 대책이..."
"55","[정동칼럼] 21세기 부동산 봉건사회","LH 사건으로 부동산정책의 대전환이 요구되는 지금이 적기이다. 이 세금으로 헌법의 기강을 바로 세우고 토지의 가격을 관리하여 서민 주거안정에 초석을 놓아야 한다. 특히 촛불혁명 정부를 자임하는 과반 의석 여당이..."
"56","與, 부동산 우왕좌왕… “임대차법 수정 논의” 1시간뒤 “사실무근”","성난 민심에 뒤늦게 부동산 정책 실패를 사과하고 나섰던 더불어민주당이 청와대의 “기조 변화는 없다”는 한마디에 우왕좌왕하고 있다. 4·7 재·보궐선거 이후 부동산 등 주요 정책의 주도권을 놓고 당정 간 갈등은 물론..."
"57","‘부동산 적폐 청산’ 동력 꺼질라…빠른 경질로 개혁 의지 강조","부동산정책의 컨트롤타워로서 현 정부의 부동산 규제정책을 주도한 고위공직자가 개인적으로는 법망을 피해 이득을 취하는 ‘내로남불’식 이중적 행태에 대한 국민적 공분이 심상치 않다는 점을 고려한 것으로..."
"58","오세훈의 ‘일당백’ 국무회의…文정부에 부동산·코로나 '직언'","지난 8일 취임한 오 시장은 취임 이후 정부의 부동산 정책과 코로나19 방역 대응에 각을 세워왔다. 4·7 보궐선거에서 '정권심판론'이 작용해 국민이 야당을 선택한 만큼 민심을 대변하고 있다는 명분이 작용했다는 분석이다...."
"59","이재명측 “부동산 실정, 이낙연·정세균 책임”... 경선 연기론에 반격","친이재명계 한 의원은 10일 본지 통화에서 “문재인 정부 4년간 정부를 대표해 고위 당·정·청 회의에 들어간 분들이 바로 이낙연·정세균 전 총리”라며 “부동산 정책 실패와 정권 심판론에 특히 큰 책임이 있는 것..."
"60","내우외환 2·4 대책... 文정부 부동산 정책 '좌초' 초읽기","문재인 정부의 부동산 정책이 좌초될 위기에 놓였다. 공공 주도 공급정책에서 핵심 역할을 하는 한국토지주택공사(LH)에서 불거진 임직원 투기 의혹이 일파만파 번지고 있으며, 변창흠 국토교통부 장관의 퇴진도..."
"61","'집값 안정-LH 사태 수습'...부동산 비전문가 노형욱, 어깨가 무겁다","부동산 정책 관계부처인 기획재정부, 정부 부처 일을 총괄하는 국무조정실장 등 큰 틀에서 관련 경험이 있지만 국토부 수장으로서는 전문성이 부족한 게 사실이다. 국민 주거안정, 부동산투기 근절이라는 당면과제를..."
"62","[사설] 당청관계 민주당 주도...정책 변화와 쇄신뿐","특히 그동안 청와대에 끌려 다니던 민주당이 4·7 재보선 참패 후 민심을 적극 수용해 탈원전 정책이나 부동산 세제 등에서 정책적 변화를 모색하는 것은 불가피한 수순이라고 볼 수 있다. 하지만 민주당이 내년 대선을..."
"63","부동산 투기 공무원·公기관 직원 기관 취업·관련 자격증 취득 ‘불허’","정부는 국토부, 한국토지주택공사(LH) 등 부동산 정책 관련 공무원과 공공기관 임직원에 대해 부동산 등록제와 신고제를 병행하는 방안을 검토 중이다. 다만 민주당은 부동산 등록 의무를 모든 공직자에 부여해야 한다는..."
"64","부동산에 분노한 2030…사전투표, 이번엔 '與 몰표' 장담 못한다","문재인 대통령의 부동산 정책과 한국토지주택공사(LH) 직원 및 여당 의원들, 야당 후보들의 투기 의혹에 대한 평가가 투표율과 지지 후보 선택에서 핵심 기준이 될 것이라는 의미다. 이 때문에 국민의힘은 투표율이 높게..."
"65","규제 일변 부동산정책 자충수...줄줄이 불명예 퇴진 [靑 정책실장 흑역사]","잇따른 부동산 정책 실패에 솔선수범하지 못한 자세로 비판을 받은 청와대 정책실장은 비단 김 전 실장뿐이 아니었다. 현 정부는 문재인 대통령 취임 3개월 만인 지난 2017년 8·2 대책을 필두로 현재까지 25번이나 부동산..."
"66","[기자24시] 2030 코인 시장 내몬 부동산정책 실패","""부동산 가격 2~3배 오른 건 방치하면서 왜 코인 가격 오르는 건 문제 삼나요?"" 최근 가격 급등세를 보이는... 이들에게 희망을 주지 못한 정부 정책 실패의 결과물이라는 처절한 반성이 필요하다. [금융부 = ]"
"67","이젠 “규제 완화”…여당 부동산 정책 ‘오락가락’","패배가 부동산정책 탓이라고 보고 ‘종합부동산세 및 재산세 과세 대상 축소’ 등 부동산 규제 기조를 바꾸려 하고 있다. 수도권 주택가격이 상승하면서 커진 1주택 실수요자들의 세금 부담을 줄이고 무주택자의 대출..."
"68","박영선 “부동산 응어리 풀어드릴 것”… 오세훈 “주택 생지옥에 사죄도 없어...","연설은 주로 문재인 정부의 부동산 정책을 비판하는 데 초점이 맞춰졌다. 오 후보는 “집값 자신 있다고 걱정하지 말라고 4년 동안 우겼다”며 “전문가 말 안 듣고 야당 말 안 들어주는 대통령이 독재하는 것 아닌가”..."
"69","공세 강화하는 野 “文 정부, 부동산 실정·몰염치·법꾸라지”","국민의힘은 29일 부동산 정책 실패와 현 정부 인사의 일탈을 겨냥해 “근본 대책도 못 내놓고 용두사미로 끝날 것”이라며 현 정부에 대한 공세의 고삐를 조였다. 김종인 비상대책위원장은 이날 중앙선거대책위원회에서..."
"70","文 “국민 질책 쓴약 삼아 새출발…방역과 부동산 문제는 가장 민감”","재보선 패배 후 첫 수보회의 중앙정부·서울시 간 갈등 의식 방역·부동산 긴밀히 협력 지시 “마지막까지... 국민 눈높이에서 정책을 더 세심히 점검하고 국민의 절실한 요구를 실현해 달라”고 말했다. 그러면서 문..."
"71","LH 직원 투기 의혹, 부동산 정책 신뢰 뒤흔들 뇌관…방치하면 정권에 대형 악...","정부 부동산 정책에 대한 신뢰가 흔들릴 가능성을 사전에 차단하기 위한 것으로 풀이된다. 지난해 말 국토교통부 장관을 전격 교체하고 공급 확대로 정책 방향을 틀며 부동산 시장 안정화에 사활을 건 가운데 터진 LH 전..."
"72","오세훈·박영선, 공약 핵심은 '부동산'…4차 산업혁명·ICT는 뒷전","'부동산 정책'이 서울시장 보궐선거 최대 화두로 떠오르면서 정보통신기술(ICT) 공약이 뒷전으로 밀리고 있다. 여야 모두 한국토지주택공사(LH)발 신도시 부동산 투기 의혹을 놓고 공방을 이어 가면서 서울의..."
"73","文대통령, 부동산 논란에 김상조 전격경질…후임에 이호승","관련 보도가 나온 지 하루만에 정책실장을 물갈이하면서 부동산 정책에 대한 강력한 의지를 내비쳤다. 김상조 청와대 정책실장이 29일 청와대 춘추관에서 열린 브리핑에서 퇴임인사를 마치고 연단을 내려오며 이호승 신임..."
"74","서울 도봉구, 부동산거래 실무 알려주는 전자책 제작","이동진 도봉구청장은 “최근 정부의 부동산시장 안정화 정책에 따라 관련 법률과 제도가 수시로 개정돼 정보를 제공할 필요성이 컸다”고 말했다. 전자책은 제작비를 따로 들이지 않고, 구 부동산정보과 직원들이 그..."
"75","여당 첫 회의부터…개혁 속도·부동산정책 ‘이견’","5·2 임시전당대회를 통해 선출된 더불어민주당 새 지도부의 첫 회의에서 ‘개혁 방식’과 ‘부동산정책’을 두고 각기 다른 목소리가 나왔다. 친문재인계가 상당수 포진한 이번 지도부에서는 4·7 재·보궐 선거 패배 이후..."
"76","당정 코인·부동산 정책 ‘예측불능’… “시장으로선 최악상황”","아울러 이 같은 종부세 완화 방안은 문재인 정부의 기존 부동산 정책과도 부합되지 않아 당내에서도 의견이 갈렸다. 최인호 민주당 수석대변인은 지난 26일 “당 부동산대책특별위원회에서 세금 관련 논의는 당분간..."
"77","홍영표 “文 대통령 성공해야 대선 승리...부동산정책 기조 유지”","“마지막까지 문재인 정부가 성공할 수 있도록 당이 잘 뒷받침해야 한다”고 거듭 언급한 홍 후보는 당장 수정 논란이 불거진 정부의 부동산 정책에 대해서는 “정책 기조는 유지해야 한다”고 말했다. 홍 후보는 27일..."
"78","한국감정원→한국부동산원, 51년만에 간판 바꿨다","출범 후 감정평가 업무를 주로 해 왔지만 이를 민간에 넘긴 후 부동산 정책 지원 업무에 집중하고 있다. 사명이 '감정원'이다보니 업무에 대한 오해도 생겨 51년 만에 이름을 바꾼다. 사명 변경을 담은 한국부동산원법..."
"79","[사설] 오락가락 與 부동산정책…'성난 민심' 벌써 잊었나","부동산정책 방향 전환을 둘러싼 여당 내 논란이 점입가경이다. ‘규제와 세부담’을 곧 완화할 것 같더니 최근엔 반대 목소리가 되레 커지고 있다. 4·7 재·보궐선거 참패 직후 더불어민주당에선 △종합부동산세 부과..."
"80","[줌인]마무리 투수 김부겸 성패 '부동산·방역·오세훈'에 달렸다","[사진=뉴시스]부동산 정책 기조 바뀔까 가장 큰 난제는 셋이다. △부동산, △코로나19, △야당과의 협치다. 김 후보자는 관련해 포부를 밝혔다. 김 후보자는 지난 16일 입장문을 통해 1순위 과제를 경제로 꼽으면서 “부동산..."
"81","[인터뷰]홍영표 “文정부 막바지 당정청 하나돼야…부동산 기조도 유지”","지난 4·7 재·보궐 선거 여당 ‘참패’ 원인으로 꼽히는 부동산 정책과 관련해서도 문재인 정부 기조 유지를 강조했다. 홍 후보는 “무엇보다 부동산 정책은 일관성이 매우 중요하다”면서 “문재인 정부의 기조 하에..."
"82","변창흠 신임 국토부 장관이 주장해온 부동산 정책보니…","변창흠 국토부장관 내정자 김현미 3년6개월 재임동안 부동산정책 24번 실패 문책 변, 3기 신도시 조성사업 지휘 역세권 고밀도개발 찬성 입장 SH사장시절 서울형도시재생 한국형 뉴딜사업에 앞장설 듯 `친문` 김수현..."
"83","잘 알지도 못하면서…‘귀족·평민’ 가르는 ‘부동산 계급도’","실제로 초등학교 학업성취도평가는 학력 서열화 조장 등을 이유로 지난 2013년 폐지됐으나, 여전히 10년 가까이 지난 자료들이 부동산 시장의 ‘선행지표’라며 공유되고 있다. 김덕례 주택산업연구원 주택정책연구실장은..."
"84","김오수 청문보고서 끝내 채택 강행…""재보선 심판에도 노선 바꾸지 않는 것""","아니라 부동산정책이나 여야 간 쟁점 법안 등에 대해서도 계속 힘으로 밀어붙이려는 건 아닌지 모르겠다”고 설명했다. 유 평론가는 이어 “(야당 패싱이) 위법이라고 할 수는 없지만 협치 측면에서 상당한 민심의 지지를..."
"85","“대출한도 축소 등 부동산 정책 영향… 1주택자도 집 갈아타기 복잡해져”","이주현 월천재테크 대표 “1주택자나 무주택자는 사실 부동산 정책 변화에 크게 관심이 없었어요. 하지만 이번 정부 들어 대출이나 세금 규제가 복잡해지면서 ‘투기꾼’이 아닌 실수요자의 ‘내 집 마련’에까지 영향을..."
"86","13명이 전국 부동산투기 단속?…‘땜질조직’에 내맡겨진 중책","현 정부의 부동산 정책 실패로 지난해부터 설립 필요성이 제기됐지만 한국토지주택공사(LH) 사태가 불거지고서야 설립이 구체화되고 있다. 대통령이 부동산 감독기구 설치를 처음 언급한 것은 지난해 8월이다. 하지만 이후..."
"87","'공직자 부동산 투기' 고난도 수사... 시험대 오른 경찰, 혐의 입증 해낼까","경찰 관계자는 ""검찰과의 유기적인 협조체제도 구축하고 특별수사본부 내에 신고센터를 운영할 계획으로, 3기 신도시뿐만 아니라 전국 자치단체별로 개발 중인 부동산 정책과 관련된 투기 의심 지역에 대해서도 전방위..."
"88","보수층-부동산정책 반대층 많은 강남4구… 오세훈-안철수 후보 단일화 여론조...","전통적 보수 지지층에 더해 최근 문재인 정부의 부동산 정책으로 직격탄을 맞은 고가 주택 보유자들이 강남 지역에 많아 최근 여론조사에서 ‘정권 심판’을 주장하는 민심이 두드러지고 있다. 강남권 지지율..."
"89","""文정부 부동산정책 성공·실패 공존.. 서민·청년 주거안정이 최우선 과제"" ...","문재인 정권의 부동산 정책에 대해선 '공과 과가 공존한다'고 평가하며 기존 2·4 공급대책은 차질 없이 추진하겠다는 입장을 재확인했다. 노 후보자는 4일 국회 국토교통위원회에서 열린 장관 후보자 인사청문회에 출석..."
"90","집값정책→시세·공시가 급등→세 부담…실패는 정부가, 부담은 국민이","한달 월급을 통째로 정부에 내게 됐네요."" 정부가 부동산 정책을 25번이나 쏟아내며 실체가 불분명한 ‘투기와의 전쟁’을 4년 가까이 이어왔지만 결국 정책 실패에 따른 막대한 부담은 국민들이 짊어지게 됐다...."
"91","돈 되는 부동산 정보 싣고…4월 1일부터 '매부리레터' 찾아갑니다","부동산 정책이 급작스럽게 발표되기도 합니다. 이럴 때 매부리레터는 여러분에 따끈따끈한 해설 뉴스를 배달할 예정입니다. 좋은 것은 나눌수록 배가됩니다. 매부리레터를 친구, 가족, 동료 등 소중한 분들께 추천해..."
"92","[이민경의 현장에서] 무섭도록 솔직했던 부동산 민심","집값 급등으로 ‘벼락거지’가 된 무주택자, 실수요자인데도 높아져만 가는 보유세로 신음하는 1주택자 등 모두 실패한 부동산 정책에 등을 돌린 것이다. 이처럼 솔직한 부동산 민심이 냉엄한 결과로 나타났다. 사실..."
"93","오세훈 ""文 부동산 실패는 대역죄""","현 여권에 줄곧 비판적이었던 강남권 유권자 등을 대상으로 부동산 정책 규제 완화의 필요성을 강조하면서 정권 심판론을 부각하는 데 열을 올리는 모습이었다. 28일 오 후보는 오후 1시 서울 강남구 가로수길에서 첫..."
"94","“주거정책 세밀하지 못했다” 고개숙인 이낙연","4·7 재보궐선거를 일주일 앞두고 더불어민주당이 부동산 정책 등에 대한 ‘반성’과 ‘사죄’를 언급하며 고개를 숙였다. 각종 여론조사에서 서울·부산시장 선거의 지지율 격차가 좀처럼 좁혀지지 않자 읍소전략으로..."
"95","개각도 못막은 부동산 민심 악화… 文대통령 지지율 38%","부정 평가의 가장 큰 이유로는 부동산정책(18%)이 꼽혔다. 12·4개각으로 김현미 국토교통부 장관을 교체하기로 했지만 부동산발(發) 민심 악화가 여전한 것. 부동산정책은 10월 둘째 주 이후 10주 연속 부정 평가 이유 중..."
"96","“재산등록에 부동산 거래 신고까지”…증폭되는 교원단체 반발","반대 이유로는 ‘전체 교원과 공무원을 잠재적 범죄자로 매도한다’(65.4%, 복수응답), ‘정부의 부동산 정책 실패 책임을 교원·공무원에 전가한다’(60.9%) 등이 꼽혔다. 인사혁신처에 따르면 재산등록은 재산을 전산에..."
"97","[사설] 文 경제정책, 진보 경제학자들도 등 돌렸다","문재인 정부 핵심 경제정책인 소득주도성장의 이론적 기반을 제공한 진보 경제학자들이 소득주도성장, 부동산 정책, 가덕도 공항 예비타당성조사 면제 등 문 정부의 정책을 '실패'라며 정면 비판했다...."
"98","미래 희망 앗아간 부동산에 분노… 가상화폐 올인","한국 사회가 20, 30대인 MZ세대(밀레니얼·Z세대)를 주목하게 만든 일등공신으로는 ‘부동산’이 꼽힌다.... 김현욱 한국개발연구원(KDI) 국제정책대학원 교수는 10일 “20, 30대를 MZ세대로 묶어서 너무 일반화하기보다는..."
"99","부동산·주식·비트코인·목재… 오를 수 있는 건 전부 올랐다","목재 등 건축자재부터 부동산, 주식, 암호화폐까지 모든 자산 가격이 천정부지로 치솟고 있기 때문이다.... 초저금리 정책을 펴는 까닭이다. WSJ는 글로벌 자산시장이 100년 전 ‘광란의 1920년대’와 비슷하고 기술주..."
"100","재건축 규제 ‘혁파’·재산세 동결...10년 부동산 정책 대전환","‘용적률·층고제한 완화, 재건축·재개발 신속 추진, 공시가격 동결’ 오세훈 신임 서울시장이 그리는 서울 부동산 정책의 청사진이다. 오 시장은 선거 과정에서 발표한 5대 공약 중 첫 번째로 ‘스피드 주택공급’을..."
"101","[사설] LH 파문 확산… 2·4 부동산대책 전면 재검토해야","전면 재검토해 시장친화형·민간주도형으로 바꾸고, 규제 중심의 기존 대책도 손질하는 게 옳다. 투기 의혹 사건 수사와 LH 조직개편 등 후속 조치가 마무리된 후에 부동산정책을 손보고 관련 입법에 나서도 늦지 않다."
"102","땜질 처방에… ‘찔끔 내렸다가 폭등’ 반복 [부동산 ‘2·4 공급대책’ 논란...","文정부 부동산정책 4년 돌아보니 잦은 규제 강화는 시장 내성만 키워 25차례 관련 대책 대부분 효과 못 봐 2020년 수 차례 대규모 공급 예고 불구 새해 들어서도 수도권 상승세 못 잡아 지난 5일 서울 영등포구..."
"103","대통령이 짚은 부동산 실책 원인은 '세대 증가'... 특단 공급책 나온다","반면 1가구 1주택을 우대하는 성격의 부동산 정책의 영향을 배제할 수 없다는 주장도 나온다. 세대 분리를 하면 1가구 2주택에 비해 세금을 줄일 수 있고, 부동산 규제지역에서는 세대주에게만 1순위 청약 자격을 줘..."
"104","투기조사·보선·변창흠 ‘안갯속 부동산 대책’","투기 전수조사와 4월 서울·부산시장 보궐선거 결과, 경질론이 제기되는 변창흠 국토교통부 장관의 거취 문제가 부동산 정책의 변수로 떠오르고 있다. 정부 조사 결과 어느 정도의 투기 의혹이 추가되는 지에 따라 3기..."
"105","취임 한 달 오세훈···재건축 정책은 ‘속도 조절 + 공공성 확대’ 방점","취임 한 달을 맞은 오세훈 서울시장이 재건축 정책과 관련해 ‘속도 조절’과 ‘공공성 확대’에 무게를... 이는 오 시장이 지난달 29일 부동산 관련 긴급 브리핑에서 밝힌 내용과도 일맥상통한다. 오 시장은 “기부 채납..."
"106","박완주 ""국민은 독선적 방식 안된다 했다…협치로 정책 전반 수정""","[[더불어민주당 원내대표 후보자 인터뷰] ""상임위 재분배 논의…부동산 정책 수정보완""] 박완주 더불어민주당 의원은 변화와 혁신에 방점을 찍고 있다. 특히 야당과의 협치를 통한 '민생 국회'를 주도하겠다고 강조했다...."
"107","'지도부 총사퇴' 與 의총…""부족했던 부동산 대책 잘 정리해야""","4.7 재보궐 선거 참패로 지도부 전원이 사퇴하고 비상대책위원회를 꾸린 더불어민주당의 의원들이 부동산 정책과 관련, ""견지해야 될 내용과 부족했던 내용을 구분해 잘 정리해야 된다""고 목소리를 높였다. 최인호 민주당..."
"108","서울시장 누가 되든 ‘문 정부 부동산 판’ 흔들린다","━ 당신의 삶을 바꾸는 서울시장 규제를 앞세운 문재인 정부 부동산 정책이 위기를 맞았다. 4·7 서울시장 보궐선거 결과와 관계없이 문 정부가 깔아 놓은 부동산 판이 깨질 가능성이 커졌기 때문이다. 서울시장은 문..."
"109","내로남불·부동산 실정…巨與, 역대급 참패","정치권에선 정부·여당이 그동안 고집해온 부동산 규제, 검찰 개혁 등 주요 정책 기조에 제동이 걸릴 것이라는 관측이 나온다. 이준한 인천대 정치외교학과 교수는 “임기 말 집권당의 선거 패배로 문재인 정부의..."
"110","국토부 아닌 공무원도 부동산 일 할 땐 땅 못 산다","앞으로 국토교통부가 아닌 기획재정부, 금융위원회 등에서 부동산 정책을 맡는 공무원들도 거주용이 아닌 땅이나 집을 사는 게 금지될 전망이다. 한국토지주택공사(LH) 직원들의 땅 투기 의혹에 대한 재발 방지 대책을 마련..."
"111","'부동산 빅브라더' 현실화되나…""정부가 임대료 기준까지 정할라""","이어 ""시장 참여자를 잠재적 투기꾼으로 보는 규제 일변도의 정책이 비효율적인 시장을 만들고 사회적 비용으로 연결된다""고 말했다. 부동산·재테크 정보가 궁금하다면 이메일뉴스레터 '매부리레터'를 구독하세요...."
"112","[초동시각]'부동산 범죄와의 전쟁 시즌2'…역사는 되풀이된다","현 정부의 출범 이후 부동산 정책은 오롯이 ‘규제’에 초점이 맞춰져 있었다. 해결책은 다주택자와 투기세력 규제였다. 대출을 틀어 막고 세금 폭탄을 던지는 등 집을 사는 것이 곧 ‘투기’라는 인식이 저변에 깔려..."
"113","[새해 여론조사] 30대 절반 “부동산 실패”… 文 부정평가 5개월 새 11.1%P ...","국민들은 문재인 정부 집권 4년을 통틀어 가장 잘못한 정책은 부동산 정책(40.6%)이라고 답했다. 특히 30대의 48.6%가 부동산 정책 실패를 꼽아 모든 연령층 가운데 가장 높은 비율을 보였다. 부동산 문제 다음으로..."
"114","박영선은 ‘도덕성’에, 오세훈은 ‘부동산’에 손들어준 ‘女心’","부동산 정책 실패와 한국토지주택공사(LH) 사태가 정권심판론에 불을 지피면서, 여권의 강력한 지지기반으로 분류됐던 여성층 역시 도덕성보다는 시정운영 능력을 더 우선순위에 놓고 있는 것으로 풀이된다...."
"115","[단독] 전국민이 투기세력? 10명 중 7명이 ‘부동산 규제지역’ 산다","송언석 의원은 “국민에게 고통을 가중시키는 부동산 정책을 환원하고, 공급확대와 거래활성화로 시장을 안정화시켜야 할 것”이라고 말했다. 심교언 건국대 부동산학과 교수는 “조정대상지역 지정 제도가 미국 등..."
"116","“LH 투기 분노”…내집 멀어진 2030 열 중 넷 “부동산 최대변수”","중앙일보가 입소스에 의뢰해 진행한 여론조사에서 ‘선거에 가장 큰 영향을 미칠 변수는 무엇인가’라는 질문에 응답자의 35.2%가 ‘부동산 정책 공약’을 꼽았다. ‘국정 운영 지지도’(17.3%), ‘야권 후보 단일화’..."
"117","장애인·여성 등 위한 생활공감 복지들…부동산에 다 가려졌다","박상병 인하대 정책대학원 교수는 ""한국 정치에서 선거는 기본적으로 진영 대결로 고착화돼 있다""며 ""부동산 이슈에 국민적 관심이 많으니 후보들이 모두 부동산 정책을 강조하는 것도 이 연장선에서 해석할 수 있다""고..."
"118","“대규모 채용-정책사업에 빚 눈덩이”","과감한 정책 대응이 코로나19 충격 완화에 기여했다”라면서도 급증한 대출에 대해선 우려를 나타냈다. 특히 가계부채는 부동산담보대출 비중이 높고 가처분소득의 190%로 경제협력개발기구(OECD) 국가 중 최고..."
"119","‘부동산·개발’로 불붙는 선거…성범죄 문제의식은 사라졌다","하지만 여야 후보들의 핵심 공약·정책은 ‘부동산’과 ‘지역개발’에만 맞춰져 있을 뿐, 정작 이번 선거의 근본 원인인 ‘박원순·오거돈 전 시장 성범죄’와 관련한 제대로 된 문제의식은 찾아볼 수 없다는 비판이..."
"120","""文정부 경제정책, 시장원리 너무 무시···이념론 지양하고 경제·복지 융합...","그는 시장경제의 흐름을 거스르고 소득 주도 성장, 부동산 규제 정책을 추진하는 문재인 정부가 ‘이념의 정치’에 사로잡혀 있다고 진단했다. 과거 김대중·노무현 전 대통령이 진보 세력의 지지를 바탕으로 권력을 잡은..."
"121","집값 급등에 세입자 ‘직격탄’… 부동산 빚 2279조","부동산 관련 가계여신은 89조2000억원이 증가했는데, 이 중 35조4000억원이 전세 관련 보증으로 39.7%를 차지했다. 정책 모기지론은 21조1000억원 늘었다. 기타보증 및 주택연금도 16조8000억원 증가했다. 기타보증 및..."
"122","집값 상승, 세대수 증가 때문?…文 대통령 ‘부동산 맥’ 잘못 짚었나","오히려 전문가들은 “세대수가 증가한 근원적 원인이 바로 정부의 부동산 정책에 있다”는 분석도 내놓고 있다. “예측할 수 없었다”…저금리 이어 1인세대 탓? 19일 행정안전부에 따르면 지난해 말 주민등록..."
"123","[사설] 과도한 부동산 세금에 고통 겪는 국민 비명 안 들리나","문재인 정부의 부동산 정책 실패에 따른 집값 폭등에다 무리한 공시가격 현실화로 부동산 관련 세금이 급격하게 증가해 국민 부담이 가중하고 있다. 정부의 부동산 실정(失政)으로 눈덩이처럼 불어난 세금을 국민이..."
"124","‘회복·포용’ 의지 담은 신년사…부동산 문제엔 “송구” 첫 사과","특히 문 대통령은 “특별히 공급확대에 역점을 두고 빠르게 효과를 볼 수 있는 다양한 주택공급 방안을 신속히 마련하겠다”고 부동산 정책의 기조 변화도 예고했다. 문재인 정부의 핵심 개혁과제였던 검찰개혁은..."
"125","동력 잃은 2·4대책…표류하는 부동산정책","한국토지주택공사(LH) 직원들의 땅 투기 사태가 들불처럼 번지면서 공급확대 방안 등 문재인 정부의 부동산 정책의 향방도 안갯속에 놓이게 됐다. 정책 실행보다는 투기 의혹 해소가 선결 과제로 떠오르면서 추진력을..."
"126","오세훈 시장 맞는 서울…부동산시장 향배는","이번 선거는 부동산 심판론이라고 할 정도로 각종 부동산 이슈 속에 선거전이 치러진 만큼 신임 시장의 부동산 정책에 대한 관심도 뜨겁다. 7일 전문가들은 오세훈 시장이 들어선 이후 재개발·재건축 추진 지역을..."
"127","[사설] 부동산 정책 보완 나선 여당, 시장에 혼선은 안돼","더불어민주당이 부동산 정책을 국민 눈높이에 맞도록 보완하겠다며 '부동산특별위원회'를 설치했다. 윤호중 민주당 비상대책위원장은 19일 ""주택공급, 주택금융, 주택세제 및 주거복지 등 부동산과 관련된 주요 현안을..."
"128","[제4회 ‘미래리더스포럼’] “부동산 정책, 국민 자산증식 욕구 무시...세제...","정 위원장은 14일 오전 헤럴드경제와 법무법인 대륙아주 공동 주최로 서울 중구 소공로 더 플라자호텔에서 열린 ‘미래리더스포럼’ 강연자로 나서 “민주당 내부에서도 부동산 정책과 세제에 대해 재검토가 필요하다는..."
"129","[세상만사] 부동산 문제는 자신 있다?","‘영끌’을 해서 겨우 아파트 분양을 받은 사람도, 돈에 대해 별 욕심이 없는 다른 사람도 부동산 정책에 대해선 쌓인 분노와 허탈감이 컸다. 기자 역시 전세로 사는 아파트의 매매 가격이 불과 3년 만에 2배 가까이 올랐다...."
"130","""미확정 내용으로 부동산 시장 불안 경계해야""","협의하겠다""며 정책 재검토를 시사했다. 그는 ""주택공급 확대, 투기수요 근절, 실수요자 보호라는 큰 틀 하에서 부동산시장 안정, 주거 안정을 도모한다는 원칙과 지향점은 그대로일 것""이라며 ""다만 시장 불확실성을..."
"131","사유재산권 비판한 변창흠 “재개발 정책 뒤엎을 운동해야”","◇”보수 정당 지지하는 건 집값 상승 기대 때문” 문재인 정부 출범 후 “부동산 정책이 아닌 부동산 정치를 한다”는 비판이 끊이지 않았다. 정치적 이득을 위해 주택 소유 여부와 집값에 따라 국민을 상대로 ‘편..."
"132","“헉, 850만원”… ‘정책이 빚은 월세’ 1억 연봉자도 비명","정부 정책이 결국 세입자 주거 부담 증가로 이어진다는 지적이 제기된다. 4일 부동산시장 등에 따르면 서울 서초구 반포래미안아이파크(전용면적 130㎡)는 지난해 임대차법 시행 전까지 월세 기준 가장 비싼 거래가..."
"133","[사설] 여권의 ‘부동산 내로남불’ 대체 어디까지인가","잇따른 부동산 정책의 실패로 집값이 치솟고 내 집 마련의 길이 막힌 서민들은 문재인 정부 고위 공직자들의 부동산 내로남불에 실망할 대로 실망했다. 지난해 김조원 당시 청와대 민정수석이 시세보다 비싸게 아파트를..."
"134","[기고] 부동산 교란행위 방지법 시급하다","시장 교란 행위들이 제재와 처벌을 받지 않고 지속되면 실수요자 위주의 부동산 시장을 만들겠다는 정책은 매번 실패할 가능성이 크다. 부동산 시장 질서를 바로잡으려면 다양한 교란 행위들을 불법으로 규정하고 처벌을..."
"135","[fn사설] 부동산 남 탓, 이젠 듣기도 지겹다","노 전 실장의 발언을 훑어보면 왜 현 정부가 부동산 정책에서 실패할 수밖에 없는지 알 수 있다. 먼저 '5년 전 정책의 결과'라는 주장부터 살펴보자. 노 전 실장은 현 정부 들어 집값이 뛴 게 박근혜정부, 좀 더 멀리는..."
"136","수요억제식 부동산 정책 ‘낙제점’…“규제대신 시장 맡겨야”","경제 전문가 100명의 ‘부동산 정책’ 평가는 ‘낙제점’이었다. 세금을 올리고 대출을 옥죄는 ‘수요 억제’를 위한 규제 중심 부동산 정책을 ‘민간 중심의 공급 확대’로 시급하게 전환해야 한다는 게 많은 전문가의..."
"137","‘오세훈표 정책’ 與 소신파도 칭찬 ‘적전분열’ 우려 黨 지도부는 당혹","더불어민주당 일각에서 '오세훈표 방역'과 부동산 정책을 놓고 호평이 이어지면서 지도부에서 당혹감을 감추지 못하고 있다. 여당 지도부가 오 시장의 업무 시작과 서울시와 본격적인 힘겨루기를 예고하는 상황에서 여권..."
"138","대기업 초임 28년 모아야 아파트 한 채...자산가격 버블 속 웃음거리 된 ‘노...","정부가 부동산정책에 실패하면서 서울 아파트값은 천정부지로 올랐다. KB국민은행의 주택가격동향에 따르면 지난 4월 서울 아파트 평균 매매가는 11억1123만원이다. 2년 전인 2019년 4월(8억1131만원)에 비해 37% 상승했다...."
"139","‘부동산 대책戰’ 치닫는 서울시장 보선","野 ‘정부의 부동산 실정’겨냥 이혜훈·이종구·조은희 등 후보 연일 공약 발표하며 정부 비판 與 우상호도 “공급 확대”내세워 내년 4월 서울시장 보궐선거에 출마한 여야 주자들이 일제히 부동산 정책 공약을 내놓고..."
"140","[사설] 재건축 들썩…서울시·정부 부동산 정책 조율해야","만에 하나 내년 3월 대선과 6월 지방선거를 의식해 정부ㆍ여당과 서울시가 주택공급 정책을 놓고 사사건건 대립한다면, 부동산 시장은 다시 들썩이고 그 피해는 모두 서울시민에게 돌아간다. 홍 부총리의 지적처럼 여야를..."
"141","[고견을 듣는다] 조국사태·부동산 정책·포퓰리즘 맹비난… 도 넘은 기업규제...","정당성 △부동산값 폭등과 소득 및 자산 양극화 △코로나19가 초래한 과제 △'신뢰'라는 사회적 자본... 직업이 '장관'이었던 그답게 사명감에 투철한 관료의 정책 견인력을 역설했다. 여기엔 정치인에 대한 못 미더움이..."
"142","文정부 하반기 동력 걸린 청문회 22일 시작…도덕성 VS 정책 대결","그동안 부동산 정책 혼선으로 교체 요구가 많았던 국토부 장관도 포함돼 관심이 높다. 여야는 청와대의 인선 발표 직후부터 신경전을 벌였다. 전해철 행안부 장관 후보자는 여권 실세 정치인 기용 논란과 함께 아파트..."
"143","이번엔 '종부세 들불'···성난 부동산 민심 폭발하나","2030세대를 중심으로 주택담보대출에다 신용대출 등 ‘부동산 영끌’ 광풍이 일어난 배경이다. 최근 들어 서울 아파트값 상승세가 둔화되고 매물도 조금씩 쌓여가고 있다고는 해도 정부의 주택 정책을 믿었다가..."
"144","[사설]공직자 투기 무관용·부동산 등록제로 정책신뢰 높여야","정부는 이날 부동산투기 근절 대책에서 부동산 정책 관련자들에 대한 감시와 통제를 위해 ‘부동산 등록제’ 도입을 검토하겠다고 밝혔다. 증권 정책을 다루는 공직자들에게 주식 투자를 제한하듯 부동산 정책..."
"145","“野 후보들 부동산 정책 공격 자제시켜달라”","더불어민주당의 서울시장보궐선거기획단장인 김민석 의원이 국민의힘 등 야권을 향해 “서울시장 선거에서 부동산 정책 공격에 매몰되지 말자”며 “김종인 비대위원장이 후보들에게 정부의 부동산 정책 공격을..."
"146","“부동산 담보가치 하락·서민 가계대출 위축 불가피할것”","하지만, 부동산 담보가치 하락과 서민들의 가계대출 위축이 불가피할 것으로 우려하고 있다. 규제지역... 특히 총부채원리금상환비율(DSR) 확대 적용으로 규제지역 주택담보대출과 신용대출 한도가 모두 축소되면서 정책..."
"147","부동산 표심몰이 나선 이재명…""다주택 공직자도 백지신탁 해야""","기본주택토론회 의원 20명 운집 우상호·박영선도 눈도장 찍어 여권 내 차기 잠룡 중 한 명인 이재명 경기도지사가 부동산 정책 성공의 핵심은 정부에 대한 신뢰라며 고위공직자들을 대상으로 '부동산 백지신탁제'를..."
"148","'2파전' 본격화…박영선 ""서울의 대전환"", 우상호 ""박원순 정책 계승""","우 의원은 '부동산 정책'을 중심으로 지금까지 공개한 공약들을 소개했다. 그는 ""부부싸움 안하고 우상호가 공급하는 공공주택에서 행복하게, 아이도 낳고 취업도하고 미래를 꿈꿀 수 있는 서울을 만들어 보겠다""며 청년..."
"149","[사설] 통계청도 더는 못 봐주겠다는 한국부동산원 집값 통계","하지만 부실 통계에 근거해 쏟아낸 부동산 정책이 국민의 삶을 얼마나 피폐하게 했는지 돌이켜보면 통계 수정만으로 끝낼 일이 아니다. ‘세금폭탄’을 퍼부은 ‘7·10 대책’ 이후에도 집값 불안이 여전했지만, 대통령은..."
"150","서울시민이 본 부동산해법…공급확대 38.8%로 가장 많아","김현미 장관 교체 이후 신임 국토교통부 장관에 주택 공급 전문가인 변창흠 한국토지주택공사(LH) 사장이 내정되면서 현 정부의 부동산 정책 조정이 예상되는 가운데 그동안 정부·여당이 펼쳐온 ‘규제 대책’ 대신..."
"151","1주택자도 보유세 2년새 두배 뛰는데···장기공제·납부유예 미세조정만","◇시장 혼선 커지고 매물 잠김, 절세형 증여만=정부와 여당이 오락가락하며 내놓는 부동산 정책에 시장의 혼선은 갈수록 커지고 있다. 여당이 사실상 폐지를 선언한 주택임대사업자제도의 경우 신규 등록 폐지, 말소..."
"152","“주식·부동산에 거품” 돈줄 옥죈 중국… 한국증시 영향은","인민은행 통화정책위원인 마쥔 칭화대 금융·발전연구센터 주임은 지난달 한 토론회에서 “주식과 부동산 같은 자산에서 거품이 이미 뚜렷하게 나타나고 있다”며 “통화정책 기조를 적절히 전환하지 않으면 이런..."
"153","[횡성]횡성 개별공시지가 상승률 전년도 2배","공시지가 상승 이유는 귀농·귀촌 선호에 따라 지역 토지수요가 꾸준하고 부동산 공시가격 현실화 정책의 영향 때문으로 지역 부동산 업계는 분석하고 있다. 지역 최고 공시지가는 횡성읍 읍하리 473-36 롯데리아..."
"154","한국감정원 51년만에 ‘한국부동산원’ 새출발","1969년 설립된 한국감정원은 감정 평가를 주로 해오다 2016년 이 기능을 민간으로 이양한 후로는 부동산 정책 지원 업무를 맡았다. 업무 범위가 넓어짐에 따라 사명을 바꿔야 한다는 목소리가 제기됐고, 올해 5월 관련..."
"155","文대통령 신년사 살펴보니…‘부동산 악재’ 털고 ‘코로나 극복’ 올인(종합...","지난 8일 한국갤럽 조사를 보면, 문 대통령에 대한 부정평가자들 중 22%는 ‘부동산 정책’을 이유로 들었다. ‘코로나19 대처 미흡’도 16%에 달했다. 문 대통령은 이를 의식한 듯, 부동산 논란과 관련해 고개를 숙였다. 문..."
"156","LH 투기 의혹에 사과 없이 문 대통령 “부동산 적폐 청산”","3기 신도시 공급 정책에 대해선 “시장 안정을 위한 공공주도형 부동산 공급대책은 어떤 경우에도 흔들려서는 안 된다”며 그대로 유지하겠다는 입장을 재확인했다. 이날 LH 사태 대책 마련을 위해 열린 더불어민주당..."
"157","""몇천원으로 빌딩 투자""… 부동산펀드 문턱 낮춘 블록체인 [블록人터뷰]","부동산을 비롯해 미술품, 선박, 항공기 등 실물자산의 토큰화와 관련해 해외에선 신속히 정책을 마련하고 새로운 산업이 뿌리내릴 수 있게 지원하고 있다. 일례로 독일연방 금융감독청(BaFin)은 지난 2019년 처음으로..."
"158","[사설] 공공임대 늘리는 게 주택정책의 전부일 수 있나","현 정부의 24차례 부동산정책이 실패한 것도 결국 주택 부문에서 민간과 시장의 역할을 무시했기 때문이란 점을 되새겨봐야 한다. 정부는 공공임대 확대에 힘쓰되 민간 공급도 활성화시켜야 한다. 지금처럼 재건축..."
"159","부동산 실거래가 신고 '등기신청일'로 변경 추진","부동산 실거래가격 신고 기준 시점을 ‘거래 계약일’에서 ‘등기신청일’로 변경하는 법안이 여당에서... 이은형 대한건설정책연구원 책임연구원은 “정부가 조기에 시세를 파악하기 위해 실거래가 신고 기간을..."
"160","[사설] 文정부 남은 1년, 실패한 경제정책이라도 바로잡아야","여권이 진정으로 이번 선거 결과를 겸허히 받아들인다면 최소한 오류와 부작용이 명백히 드러난 고용·기업·부동산 등 경제정책만이라도 우선 바로잡는 모습을 보여줘야 한다. 이는 대통령이 말한 경제 회복, 민생 안정을..."
"161","변창흠 “부동산 보유세 강화 기조 이어가야”","최근 부동산시장 불안에 대해서는 저금리로 인한 시중 유동성 확대와 이전 정부의 규제 완화 기조 등에 원인이 있다고 밝혔다. 현 정부의 수요 억제 위주의 규제 중심 정책 등은 원인으로 언급하지 않아 23일..."
"162","文 “코로나 속 한미훈련, 대규모로 하기 어렵다”","잘못된 부동산정책이 불러온 재앙”이라고 부동산, 일자리 정책 등을 비판했다. 文, 8월 한미훈련도 축소 시사… 한미 엇박자 우려 남북-북미대화 카드로 쓸 가능성… 미군측은 훈련축소에 잇단 불만 문재인 대통령이 26일..."
"163","[세종로의 아침] 집값 폭등의 공범이 되지 않으려면/이기철 산업부 선임기자","문재인 정부의 부동산 정책 실패에 대해 국토교통부 실무 공무원이 공범이 되지 않으려면 소신이 필요하다. 국토부는 부동산 정책의 주무부처로 청와대를 비롯해 정부와 여당을 합쳐 전문가들이 가장 많이 모여 있는..."
"164","[사설] ""부동산 범죄와 전쟁·투기 이익 환수"" 정부는 약속 지켜라","신뢰를 잃은 부동산 정책의 가장 큰 피해자는 집 한 채, 땅 한 평 없는 국민이다. 공직자 불법 투기 세력 발본색원을 위해서는 검찰과 경찰 등 국가가 보유하고 있는 수사 역량을 최대한 활용해야 한다. 국민의 상처를..."
"165","[장석준의 그래도 진보정치] 부동산 정책 실패에서 얻어야 할 교훈","이런 점에서, 부동산 정책 논란 끝에 여당 일각에서 ‘수도 이전’ 이야기가 나온 것은 필연이다. 하지만 그렇게 임기응변으로 덤빌 일은 아니다. 정권을 넘어 지속될 장기 계획이 필요하다. 수도 이전도 해야 하고, 지역별..."
"166","[사설]부동산 대책, 선거용에 그쳐선 안 된다","국민 분노를 부동산 부패 근본의 청산, 부동산 정책 평가를 반전시킬 수 있는 마지막 기회라는 표현까지 동원했다. 그러나 시기에서 크게 아쉽다. 지난 수년간 부동산 가격 폭등과 이로 인한 투기 광풍이 전국을 휩쓸었다...."
"167","[제4회 ‘미래리더스포럼’] 재보선 이후 與 정책변화·‘기본’ 시리즈...날...","정성호 위원장의 강연에 이어 ▷재보선 이후 공정경제3법과 중대재해법, 부동산 정책 등 정부여당이 그간 전개해온 핵심정책에 대한 재검토 필요성 ▷기본소득, 기본주택, 기본대출 입법화 움직임에 대한 견해 등에..."
"168","[사설] 변창흠 국토부장관 내정자, 확실히 달라진 정책기조 보여달라","문재인정부의 두 번째 국토교통부 장관으로 변창흠 한국토지주택공사 사장이 내정되면서 부동산 정책 기조가 바뀔지 관심이 쏠린다. 변 내정자는 도시계획과 도시재생 등 주택 공급 분야 전문가로 꼽힌다. 그는 3기..."
"169","흔들리는 종부세 완화… 김진표 “2주뒤 결론 안나도 특위 해체”","신동근 의원도 이날 페이스북에 “우리 당이 언제부터 3.7%를 위한 당이었는지 반성하지 않을 수 없다”며 “사실상 종부세 완화 주장은 민주당의 부동산정책의 근간을 허물자는 것”이라고 비판했다. 의원총회에서도..."
"170","투자·세금 전문가 총출동 ‘부동산 트렌드쇼’… 강연은 온라인 생중계","심교언 건국대 교수, 김덕례 주택산업연구원 박사는 정부가 추진하는 공공 주도 공급정책을 집중 분석한다. 둘째 날에는 고종완 한국자산관리연구원장이 불확실한 시장 상황에도 흔들리지 않는 ‘슈퍼 부동산’을..."
"171","‘정책 총동원’ 與의 반격… 野는 자중지란","지지층 이탈의 원인이 됐던 부동산 문제도 설 전에 ‘획기적 공급책’을 준비 중이다. 코로나 확진자 감소세로 방역도 한숨 돌렸다. 반면 야권은 정권 심판론에만 기댄 채 여당이 선점한 정책 이슈에 끌려다니는 모습이다...."
"172","[손해용의 시시각각] 3년 반 전 약속한 경제정책의 배신","그래도 ‘24연속’ 부동산 대책 실패라는 진기록을 수립한 김현미 국토부 장관을 교체하면서 부동산 정책에 대해서는 반성하는 척이라도 할 줄 알았다. 그런데 다음 타자가 이 정부 부동산 정책이 “중상(中上) 이상은..."
"173","주식·부동산 급등에 자산양극화 더 커져…더 멀어진 富 격차","주식ㆍ부동산 등 자산가격이 급등하면서 보유 유무에 따른 격차가 갈수록 커지는 것으로 나타났다.... 정부가 관심을 쏟고 있는 소득 격차도 복지정책이 나올 때만 잠깐 좁혀질 뿐, 코로나19 사태 이후 오히려..."
"174","野 ""종부세 12억 상향·대출 완화""...우물쭈물하는 與에 선공","국민의힘이 24일 당 차원의 부동산 정책 발표와 함께 더불어민주당에 공무원 아파트 특별공급 국정조사를 요구하고 나섰다. 종합부동산세와 대출 규제 완화를 골자로 한 실수요자 중심의 부동산 종합 대책을 제시하면서..."
"175","""경제정책의 정치화 심각...'착한 부채'는 없어 재정중독 벗어나야"" [청론직설...","올라도 문제이고 급격하게 떨어져도 문제이므로 부동산 시장 연착륙이 가장 중요하다. -정부가 경제정책에서 가장 염두에 둬야 할 것은 무엇인가. △우선 코로나19 위기에서 연착륙하는 방안을 고민해야 한다. 급한 불을..."
"176","부동산투기 잡겠다더니…文정부 고위공직자들은 부동산으로 재산 불렸다","現시세 반영 땐 더 늘어날 듯 문재인 정부가 부동산 대책을 25차례나 쏟아내고 다주택자와의 전쟁을... 25일 정부공직자윤리위원회가 관보에 게시한 공직자 재산현황을 보면 김상조 청와대 비서실 정책실장은..."
"177","코로나發 저축은행 외형확대…애큐온 `신용대출`·한국투자 `부동산PF`","애큐온저축은행은 신용대출을 크게 늘렸고, 한국투자저축은행은 부동산PF 대출을 늘리면서 자산을... 신용 대출채권 잔액 증가는 정부의 중금리 대출 활성화 정책과 코로나19에 따른 자금 수요 증가와 맞물렸다...."
"178","[중앙시평] 불균형 커지고 불안정한 경제…정책 전환 필요하다","지난 3년간 정부의 제한적인 주택공급과 규제 일변도의 부동산 정책이 수도권 아파트를 중심으로 집값 상승을 부추겼다. 집을 가진 사람과 갖지 못한 사람 사이에 부의 격차가 커졌다. 성실하게 일하고 꾸준히..."
"179","[사설] 韓銀 집값 전망지수 역대 최고… 정책 신뢰부터 회복해야","부동산 정책의 잇단 헛발질에 절망한 젊은 층은 ""정부를 믿지 못하겠다""며 집을 사기 위해 '영끌(영혼까지 끌어모은 대출)' 대열에 뛰어들었다. 문재인 정부의 부동산 정책은 총체적으로 실패했다. 그 사실에 토를 달 수..."
"180","<사설>집값 폭등에 투기 난장판, 文정권이 불 지른 부동산 참사","신도시 투기는 근본적으로 부동산정책 실패 탓이다. 민간주택 규제로 공급이 모자라 집값·전셋값이 폭등하자 뒤늦게 신도시를 졸속 추진하며 불 지른 참사다. 2·4 대책으로 LH가 추진하는 서울 공공택지개발 후보지만..."
"181","“부동산 투기 감시하는 포괄적 상설 조직 운영해야”","금융정책 담당자들에게 포괄적으로 주식거래를 금지하도록 한 규정을 준용해 공직자가 주거용을 제외한 토지 등을 사들일 땐 제한을 두는 포괄적 투기 억제 정책이 바람직하다는 것이다. 김주영 상지대 부동산학과..."
"182","[사설] 우려되는 부동산 엇박자…정부·서울시 상호 권한 존중해야","야당 소속 오세훈 서울시장이 시 행정을 챙기면서 먼저 우려되는 것이 중앙정부와 지방자치단체인 서울시 간의 정책 엇박자다. 4·7 보궐선거 때 최대 쟁점이었던 부동산 문제가 특히 그렇다. 주택공급 대책 등에서 정부와..."
"183","'강남 1채 23억·지방 3채 12억'..1주택자 혜택 몰아주기 계속?","━ 강남구 아파트 평균값 23억 vs 지방은 3.5억, 차이 '역대급'...'1주택이 최고 재테크' 부추기는 부동산 정책 ━ 27일 민주당 부동산 특위가 내놓은 부동산 대책은 '1주택자에 혜택 몰아주기'로 요약할 수 있다. 1가구..."
"184","5차 재난지원금 시동 건 민주당…'10조+a' 재원 조달은?","올해 기대보다 빠른 경기회복과 부동산 가격 및 주가 급등 영향으로 법인세와 부동산·주식 관련 세금이... 홍 교수는 “현재 세수를 재난지원금 등 소비성 정책에 사용한다면 이자 납입 등 금융비용에 들어가 소비..."
"185","[사설] 단일화 논란과 부동산 공약에 함몰된 서울시장 선거","그나마 현안이라곤 여야 모두 부동산 정책에 올인하고 있지만 실현 가능성에는 의문도 적지 않다. 후보들은 강변북로·올림픽대로 지상을 활용한 아파트 건립, 전철 지상구간 지하화, 재건축 규제 완화, 분양가 상한제 폐지..."
"186","“과감한 개발, 국민 불안 일거에 해소” 주택정책 강한 자신감 [문대통령 신...","올해 부동산정책에서 공급 확대에 ‘올인’하겠다는 뜻을 분명히 했다. 공공재개발 등 공공 주도 정비사업의 대폭 확대, 도심 신규 택지 개발 등을 통해 13만여가구 규모였던 지난해 ‘8·4 공급대책’ 물량을 상회하는..."
"187","“방역·백신·부동산 실패…文정권 4·7보선 심판해야”","주호영 국민의힘 원내대표가 3일 오전 국회 본회의장에서 가진 교섭단체 대표연설에서 문재인 정부가 방역·백신·부동산 등 정책 실패를 거듭하고 있다며 선거를 통한 정권 심판과 정권 교체를 주장했다. 주 원내대표는..."
"188","“청년 쓴소리 듣겠다” 민주 ‘민심 경청’ 스타트","수도권·영남·호남 등 5개 권역별로 지역 민심을 경청한다. 시·도당위원회와 지역위원회는 재·보선 패인과 부동산 정책을 포함, 현 지도부의 정책 추진 방향에 대한 지역별 설문조사와 현장간담회 등을 진행한다. oasis@"
"189","민주, 임대사업자 종부세 혜택 폐지 검토","여당이 부동산 정책 결정을 미루는 가운데 야당은 1주택자 종부세 감면 기준 상향 등을 골자로 한 부동산 대책을 발표했다. 선제적으로 정책 대안을 제시하며 정부·여당을 압박하겠다는 의도로 풀이된다. 민주당 정책위..."
"190","손바닥 뒤집듯···임대업자 혜택 또 뺏는 與","부동산 정책 실패로 집값이 급등했다는 비판을 받는 여당이 이번에는 임대사업자에게 화살을 돌려 ‘토끼 몰이’에 나서고 있다. 지난 2017년 다주택자에 대한 세제·금융 혜택을 약속하며 임대사업을 부추기더니 불과 3년..."
"191","[사설]정책실장 빠진 靑참모진 교체로는 국정 一新못 한다","김상조 정책실장은 부동산정책 실패에 대한 책임이 크고, 고용 창출 등에서도 이렇다 할 성과를 보여주지 못했다. 김 실장이 사의를 표시했는데도 문 대통령이 이를 받아들이지 않은 것은 지금의 경제정책 기조를..."
"192","‘성추문·내로남불·무능한 중년 男’… 與 이미지 추락","심지어 2030세대는 부동산정책 실패와 부패·비리까지도 민주당의 대표 이미지로 꼽았다. 민주당 전략기획위원장인 송갑석 의원은 25일 의원총회에서 이런 내용이 담긴 ‘재보궐선거 이후 정치지형 변화에 대한 결과..."
"193","'고용·주거→결혼·출산' 선순환 구조로 인구정책 새 틀 짜야 [저출산의 습격...","몇 개의 정책으로 해결될 수 없는 사안이다. 인구재난 유발 원인은 우리 사회에 종횡으로 얽혀있다. 높은... 문재인 정부의 '부동산 대란'도 결혼.출산을 가로막았다. 출산율을 1년 선행하는 지표인 조혼인율(1000명당..."
"194","경제의 허리 40대… 얼마나 있어야 서울에서 내 집 살까 [이슈+]","다만 이러한 대출 규제는 정부 부동산 정책과 맞물려, 무주택 실수요자의 주택 구입을 가로막는 장애물이 된다. DSR을 규제하면, 저소득자는 주담대가 줄어들고, 고소득자도 주담대는 늘지 않고 신용대만 감소하는..."
"195","손 잡은 야3당 “세종 특별공급 국정조사”…여 “조사·수사 먼저”","국민의힘은 엘에이치 임직원들의 투기 의혹에 이은 세종시 특별공급 악용 사례가 문재인 정부 부동산 정책의 이중성을 보여주는 것이라고 보고 있다. 정부의 거듭된 부동산 대책에도 집값이 폭등해 서민들의 ‘내집..."
"196","`세대교체 바람` 타려는 與 잠룡… 손 내미는 `빅3`","소득복지정책은 안 된다”며 직격탄을 날렸다. 충청 대망론을 노리는 양승조 지사는 민주당 부동산 특위가 발표한 재산세 기준 완화에 날을 세웠다. 양 지사는 “종부세, 재산세 기준 완화에 반대한다”면서 “`썩은 생선..."
"197","재산세 9억이하 감면… LTV 최대 20%P 우대","여당이 27일 재산세와 주택 관련 대출규제를 일부 완화하는 부동산정책 보완책을 내놨다. 재산세는 감면 대상을, 주택담보대출비율(LTV)은 우대 폭을 확대했다. 그러나 당내 진통이 계속됐던 종합부동산세와 양도소득세..."
"198","규제가 낳은 역차별... 15억 집, 노원은 대출 못받고 천안은 6억","◇전문가들 “핀셋 규제, 지금이라도 철회해야” 부동산 전문가들은 특정 지역과 특정 가격대 주택을 겨냥해 규제를 집중한 정부의 정책 기조를 지금이라도 바꿔야 한다고 입을 모은다. 정수연 제주대 교수는..."
"199","부동산에 빅데이터 접목… 공공 데이터 추가개방","실거래 정보 외에도 아파트 향이나 건물 도면 등 공공 데이터를 추가 개방해 부동산에 빅데이터 산업을 접목할 계획이다. 또 프롭테크를 정책펀드 지원 대상에 포함시키는 등 관련 스타트업 성장을 촉진할 예정이다."
"200","[사설] 경북도엔 없다는 부동산 투기 의혹 공직자, 검경이 밝혀라","정부 차원으로 번진 부동산 투기 의혹 조사 실시와 투기 근절이라는 정책에 걸맞지 않은 조치라는 오해를 살 만하다. 이번 경북도의 결과 발표는 제 식구 감싸기란 의심을 자초하고 있다. 경북도 발표와 달리, 잇따라..."
"201","LH 지주사 체제 논란… ""효율성 떨어질 것""","진주에 지역구를 둔 경남도의원들은 ""본사 분할안은 지역 균형발전 취지에도 맞지 않고, 부동산 투기근절이라는 정책적 효과도 거둘 수 없는 잘못된 결정""이라며 반발했다. LH는 당초 경기 성남에 본사가 있었지만..."
"202","與특위 종부세案, 내부 반발로 당론 채택 못해","이날 열린 부동산 정책의원총회에서도 “종부세 관련 여론을 잠재우려면 기준을 완화할 게 아니라 납부 시기를 미뤄주거나 미세 조정하면 된다” 등의 반대 의견이 나온 것으로 알려졌다. 민주당 지도부의 한 의원은..."
"203","‘빠르게 공급’ 변창흠 1호 정책 먹힐까… 시장은 “글쎄”","1호 정책’이 될 것이라는 관측이 많다. 다만 시장에서는 변 장관이 개발이익 환수의 기존 규제 위주... 반면 대한부동산학회장인 서진형 경인여대 경영학과 교수는 “도로 확장이나 건폐율 축소를 통한 녹지 조성 등이..."
"204","서울시 ‘민생·안전·도시미래’ 집중 지원","부동산 정책에는 119억원을 편성한다. 노후 저층주거지를 신속하게 정비할 수 있는 소규모주택정비 사업과 재개발·재건축 활성화를 위한 공공기획 수립 등에 추경 예산이 투입된다. 코로나19 확산으로 피해를 입은..."
"205","모든 공직자 재산등록 의무화에 “우리가 범죄집단이냐” 부글부글 [부동산 투...","부동산, 자동차는 물론이고 예금, 대출, 보험 등 금융 정보도 전부 포함된다. 실수로 잘못 등록하면 승진에... 노동자와 조직이 범죄집단이라는 사고의 전제가 아닌 다음에야 도무지 생각할 수 없는 정책이다”고 주장했다."
"206","美·英도 ‘치솟는 집값’ 한국만의 일 아니다","영국 정부는 팬데믹 극복을 위해 강력한 봉쇄정책을 시행했는데, 그로 인해 주택거래가 줄고 부동산 시장이 침체되자 50만 파운드 이하 주택 거래 시 취득세 한시적 면제 조치 등을 실시했다. 이는 사회적 거리두기를..."
"207","노후복지-육아복지 동시 실현, 같이살기보단 ‘근거리 거주’ [부동산 플러스...","반면 정책지원은커녕 실태조사조차 변변찮다. 방향을 바꿀 때다. 일본사례를 면밀히 살펴봐야 할 이유다.... 근거주거는 인구정책의 지향점인 출산문제와 직결된다. 출산율을 높이기 위한 방법으로도 적극 고려할..."
"208","'票퓰리즘 부동산입법' 쏟아내는 與… 野 ""반헌법적"" 경고","현행 주거정책 기본원칙에 '1가구 1주택 보유·거주'의 명시, 무주택자 및 실거주자 주택 우선 공급, 주택의... 임대료' 정책 만으로는 임대료 감면 활성화에 한계가 있다는 판단이지만, 민주당 지도부에서조차 법안에 대해..."
"209","민주당표 '반값&반의반값' 주택정책, 내년 2월 발표","추진단이 논의 중인 정책들은 대표적으로 '반의 반값'으로 불리는 지분적립형 할부 주택, 토지임대부 '반값 아파트', 협동조합 리츠(부동산투자펀드) 등이다. 저렴하게 입주 가능한 주택 공급 방식을 제공하겠다는 게..."
"210","與 ""집값 90% 대출""…비상걸린 금융권","그러나 지난 4·7 재보궐선거 참패 이후 당내에서도 부동산정책 노선 변경을 요구하는 목소리가 거세게 일고 있다. 특히 부동산정책 쇄신을 내걸고 나선 송영길 당대표가 LTV를 90%로 높이는 공약을 내걸며 당선됐고..."
"211","[2·4 대책] 부동산 전문가 ""실효성 없는 당근책…집값 안정 어려울 듯""","부동산 전문가들은 2·4 주택 공급 대책은 실현 가능성이 문제라며 정부 의도대로 주요 재건축 단지들이... 점은 정책적 한계를 또다시 노출한 것이며 정책의 실효성을 제한하는 요인으로 분석된다""고 말했다. 이어 ""서울..."
"212","내년 중소·중견 정책금융 302조까지 확대","시중 유동자금이 3100조원을 넘어서 부동산시장과 증시가 급상승한 만큼 금융시장 정상화 조치가 필요하다. 공매도 금지, 개인사업자 예대율 완화 등 정상화 관련 정책적 해법을 찾기로 했다. 은 위원장은 ""코로나19 후..."
"213","‘전 국민 재난지원금’ 등 파격적 정책…시중에 풀린 대규모 유동성은 ‘뇌관...","파격적인 정책으로 위기 확산은 막았지만, 코로나19 이후 시중에 풀린 대규모 유동성은 경제의 또 다른... 통화량 증가에도 불구하고 실물경제는 냉골인데, 주식과 부동산시장만 활황이다. 저금리 기조가 계속되면서..."
"214","오세훈 “2025년까지 24만가구 공급”","서울시의 현재 부동산 정책 기조는 ‘부동산가격 안정’과 ‘신속한 주택공급’이라는 두 마리 토끼를 함께 잡는 것이다. 오 시장은 일부 대형 재건축 단지에서 비정상적인 가격상승이 나타나고 있는 것에 대해..."
"215","中 내년도 경제정책 키워드는 `내수 확대`","또 숨겨진 지방정부 부채, 부동산 과열, 플랫폼 기업의 독점화 등을 위험 요인으로 꼽으면서 관련 부문에... 또 안정적인 경제 운영을 위해 적극적인 재정정책과 온건한 통화정책 기조를 유지할 것이라고 언급했다. 중국..."
"216","'특혜 분양' 국민 분노에…세종시 '공무원 특공' 10년 만에 없앤다","청와대 정책실장 등이 참석한 가운데 고위 협의회를 열고 이같이 결정했다. 고용진 민주당 수석대변인은... 특공 혜택 논란이 문재인 정부의 ‘아킬레스건’인 공정 이슈는 물론 부동산 문제와도 연결되는 만큼 내년..."
"217","[안재승 칼럼] 종부세가 중산층세? 얼토당토않다","그러나 부동산 정책의 골간을 흔드는 종부세 완화는 안 될 일이다. 전체의 97%가 종부세와 관련이 없고 전체 가구의 절반이 여전히 무주택 가구다. 민주당이 종부세를 내는 부유층을 걱정할 때가 아니다. 집값이 너무 올라..."
"218","[가리사니] ‘존버’의 시대","부동산 정책 불신에다 야당의 4·7 재보궐선거 승리 이후 재건축 규제 완화 기대감이 커지면서 물량이 말랐다는 게 전문가들의 분석이다. 집을 파느니 절세 차원에서 자녀들에게 증여를 하겠다는 이들이 많다. 통계로도..."
"219","[In&Out] 부동산 정책 독단 막을 견제와 균형 절실하다/박명호 동국대 정치외...","부동산 정책에 대해 국민 10명 가운데 7명이 “잘못하고 있다”는 조사 결과도 있다. 대통령이 부동산 문제에 대해 너무 안일하다는 비판이자 부동산 문제에 대한 지지층의 강력한 경고다. 더불어민주당 지지자마저..."
"220","[사설] ‘국민 고통’ 키우는 부동산정책 언제까지 고집할 텐가","실상이 이런데도 국민 고통만 키우는 부동산정책을 언제까지 고집할 텐가. 집값·전셋값이 뛰는 것은 시장의 수요·공급 원리를 무시한 채 세금 폭탄과 규제에 의존한 ‘기형 정책’을 능사로 알기 때문이다. 지금이라도..."
"221","“재정 더 풀땐 청년에게 물어보라… 나랏빚 짊어져야 하는건 그들”","박 원장은 “소득주도성장과 일자리·부동산 정책이 실패한 가운데 뾰족한 대안이 없어 지출을 계속 늘릴 수밖에 없을 것”이라며 “재정 상황이 심각한 것을 알면서도 재정을 다 바쳐서라도, 폭탄을 다음 정부에..."
"222","민주, 재산세 감면 당론 확정… 종부·양도세 완화는 보류","민주당 부동산특위 김진표 위원장은 이날 오후 국회에서 열린 정책 의원총회 후 브리핑에서 “의총 결과 양도세와 종부세는 공청회를 통한 공론화 과정과 정부·전문가와의 추가 협의를 거쳐 현행대로 유지하거나..."
"223","김종인 “부동산 대란, 시장 아닌 정책 실패”","정책위와 부동산시장 정상화특위는 이번 주 ‘주거지역 용적률 상향 조정’을 뒷받침하는 법안을 발의할 예정이다. 여의도연구원은 지난 12일 공시가격 현실화율 목표치를 90%에서 80%로 낮추는 동시에 목표치 도달 기간을..."
"224","서울시장 후보들, 전문성 살린 '코로나 정책'…효과는 의문","부동산이나 일자리 대책의 경우 각 후보 사이 차별성이 부각되지 않았지만, 코로나19 대책에서만큼은 각자의... 같지만 정책적 우열이나 선호도를 평가하기엔 내용이 너무 빈곤하다""고 말했다. 일부 공약은 예산 측면에서..."
"225","[같거나 다르거나] 부동산 정책과 유연성 / 금태섭","-김용태 금태섭 | 정치인 부동산 정책은 국민적 관심사입니다. ‘내 집 마련’은 평범한 국민들의 꿈이고 대한민국에서 성공의 척도라고도 할 수 있습니다. 하늘 높은 줄 모르고 치솟는 아파트 시세가 사람들을 절망에..."
"226","<경제민심 여론조사>20대·서울지역, 부동산 정책發 분노 가장 커","20대 82.5% “정부대책 잘못” “집값 당분간 오를 것” 53.4% 문재인 정부의 부동산 정책에 대한 분노는 지난 대선에서 문재인 대통령을 적극 지지했던 ‘2030 세대’에서 가장 두드러지게 나타났다. 특히, 내 집..."
"227","전세·매매값 모두 뛰니 부동산 정책 답이 없네","궁극적으로 현 정부 부동산 정책의 순서가 잘못됐다는 지적도 있다. 송인호 KDI 경제전략연구부장은 ""보호할 실수요자를 특정하고 정책을 시작했어야 하지만, 정책 순서가 꼬이고 말았다""며 ""대기업 맞벌이 부부처럼 상환..."
"228","""실수요자 내 집 마련 금융지원·세 부담 완화 추진""","더불어민주당 부동산특별위원회가 12일 첫 회의를 열고 재산세 감면 대상 확대를 골자로 한 부동산 정책 수정 작업에 착수했다. 특위위원장인 김진표 의원은 이날 회의에서 ""실수요자의 내 집 마련을 위한 금융지원, 세..."
"229","'오른쪽 선' 넘는 송영길 '마이웨이'…""엉뚱한 반성문"" 비판도","◆당·청 주도권 확보가 진보 진영 반발로= 시민단체들은 송 대표 체제의 민주당이 부동산 정책 후퇴를 시도한다며 강하게 반발하고 있다. 참여연대 등으로 구성된 ‘주거권 네트워크’는 지난 13일 국회 앞에서..."
"230","정부 대신 여당이… ""지난 부동산 정책, 반성하겠다""","집권여당인 더불어민주당이 논란의 중심인 부동산 정책에 있어 새로운 접근을 시사했다. 이낙연 민주당 대표가 19일 '예전의 부동산 정책에 대한 반성'을 꺼내들며 과거 보수 정권을 포함해 문재인 정부가 지난 3년여간..."
"231","'소주성' 정면 비판한 與 대표","송영길 더불어민주당 대표(사진)가 최저임금 인상 등 문재인 정부의 ‘소득주도성장’ 정책을 정면... 당 부동산 특위에서 논의 중”이라고 덧붙였다. 그는 전세보증금을 연 2.7%의 금리로 빌릴 수 있도록 국가가 보증하는..."
"232","[무언설태] 文 “부동산 부패 고리 끊을 기회”···또 책임 떠넘기기네요","자라온 부동산 부패의 고리를 끊어낼 쉽지 않은 기회”라고 말했습니다. “정부로서는 매우 면목 없는 일이 됐지만”이라며 전제를 달기는 했지만 현 정권의 정책 실패를 인정하기보다는 구조적 한계 탓을 거론하며 또..."
"233","與 “재산세·거래세 인하 검토”","靑은 안된다는데… 宋 ‘집값 90% 대출’ 고수 더불어민주당이 12일 부동산 특별위원회 첫 회의를 열고 재산세 감면, 거래세 완화 등 부동산 정책 문제를 당 차원에서 전면적으로 손보겠다는 뜻을 밝혔다. 6월 1일 공시가격..."
"234","쉽지 않은 종부세 기준 상향...작년에도 상위 10%에 부담 집중","강병원 민주당 최고위원 역시 최근 “다주택자와 고가주택자에 대한 세부담 경감은 투기 억제, 보유세 강화라는 정부의 부동산 기본 정책 방향과 역행한다”고 지적했다. 전문가들도 종부세 부과 기준 상향이 쉽지..."
"235","정부 올 성장률 '4%+α' 상향…세수호조에 추경도 문제없어","정부가 다음달 '2021년 하반기 경제정책방향에서 올해 경제성장률을 4% 이상으로 높여잡을 것이 확실시되고... 지난해 기업의 '깜짝 이익'으로 인한 법인세 증가와 부동산·증권 거래에 따른 양도세, 증권거래세 증가..."
"236","[민상식의 현장에서] 전세난에 기름 붓는 부동산 설화(舌禍)","청와대 국민청원 게시판에는 연일 정부의 부동산 정책을 비판하는 게시물이 올라온다. 신종 코로나바이러스 감염증(코로나19)보다 전세난이 더 무섭다는 글까지 올라왔다. 상황이 이렇게 된 건 시장의 요구와 동떨어진..."
"237","“기초연합형 특별지자체 4곳 설립 필요”","특히 분양가상한제 적용지역의 지정 해제 권한 등 부동산정책, 세금 일부를 자체 징수해 사용할 수 있는 재정특례 등을 요구 중이다. 해당 시 관계자는 “특례시 출범에 광역통합을 외치며 행정·재정 권한 이양을..."
"238","""아파트는 막차 없다""…정부 대책 무색한 부동산 시장 [뉴스분석]","부동산 시장이 그만큼 불안해 정부 규제가 나온 것이지만, 정책이 오히려 부동산 시장 혼란을 부추긴다는 지적도 있다. ◆ 식지 않는 ‘빚투’ 열풍, 가계대출도 역대 최고치 부동산 가격이 계속 오를 것이라는..."
"239","[사설] 부동산 수렁, 잘못 인정 용기 있어야 탈출한다","부동산 정책이 길을 잃고 헤매고 있다. 잘못된 방향을 바로잡기는커녕 누더기 땜질 대책으로 자꾸 수렁으로 빠져들고 있다. 24번째 대책에 이르기까지 변함없는 아집이다. 실수요자의 내 집 마련 꿈을 억누르는 규제를..."
"240","“윤석열 전화? 난 누굴 기다리지 않아…도움 요청은 그의 몫”","“당연한 것 아닌가? 그래서 내가 에마뉘엘 마크롱 얘길 자꾸 하는 거다. 마크롱이 대통령에 당선 되니까, 프랑스의 거대 양당이 부서져버렸잖아.” 이세영 논설위원 monad@hani.co.kr ▶부동산정책 기사 보기▶코로나19 기사 보기"
"241","“부동산, 문재인정부는 실패했다” 대권행보 시동 건 유승민","‘야권 잠룡’ 유승민 전 국민의힘 의원이 “문재인정부의 부동산 정책은 철저히 실패했다”고 규정한 뒤 ‘주거 사다리’ 복구를 슬로건으로 내걸고 첫 대권 행보에 나섰다. 유 전 의원은 16일 서울 여의도에 마련한..."
"242","[김동헌칼럼] 부동산정책, 국민공감이 필요하다","반시장적 부동산 정책으로 나라가 들끓고 있다. 주택 문제는 국민의 삶과 직결돼 있기 때문에 정부는 부동산 시장의 안정과 사회적 약자를 위한 주거복지에 총력을 기울여야겠지만 현재의 부동산 정책은 국민 공감을..."
"243","野 ""당정 공감능력 제로"" 與, 부동산 편들다 `역풍`","전셋집 부동산 정책에 '반응이 굉장히 좋다'는 국토부 장관, 더 나아가 '쾌적하고 안전하다'고 칭찬하는 민주당 정책위의장, '임대차 3법은 소득 3만불을 위한 성장통'이라며 궤변을 늘어놓는 소관부처인 국토부..."
"244","[백브리핑] “김현미 유튜브 목록 보니 文정부 부동산 정책이 왜 무용지물인지...","부동산 정책을 총괄하는 김 장관이 과연 부동산 시장의 다양한 목소리를 편견 없이 듣고 있는지 걱정되는 것입니다. 최근에 만난 한 시중은행 부동산 담당자는 “은행은 정부 눈치를 볼 수밖에 없어 부동산 정책에..."
"245","경제학자 76% ""부동산 정책이 수도권 집값 폭등 불렀다""","전문가 76%, 정부 부동산정책 집값 폭등 원인 먼저 현재 수도권의 주택가격 폭등 현상의 주요 원인이 ‘재건축 억제로 주거 선호 지역의 공급 확대가 불충분한 상태에서 양도소득세 중과, 임대사업용 장기보유 등으로..."
"246","이낙연표 부동산대책 내놓은 민주당","이 대표는 당시 ""예전의 부동산 정책에 대한 반성에서 새로운 접근을 해야 한다""며 ""집을 갖고자 하는 사람에게 희망을 주면서 다양한 주거수요에 부응하는 주택공급을 확대하는 방안, 1가구 장기 거주자에게 세금 등에서..."
"247","[박종성 칼럼]희망고문으로 끝나가는 문재인 정부 부동산대책","임대주택등록 정책의 실패가 이후 부동산정책을 만드는 데 반면교사가 되었을까. 전혀 그렇지 않았다. 여당인 더불어민주당은 지난 8월 전·월세 신고제, 전·월세 상한제, 계약갱신 청구권제 등을 핵심으로 하는..."
"248","#이선호 #평택항 #2030…“나였을 수도 있다”","hani.co.kr/arti/society/labor/994182.html 300㎏ 철판에 깔렸다, 장례도 못 치른 23살 ‘죽음의 알바’ https://www.hani.co.kr/arti/area/capital/994090.html ▶부동산정책 기사 보기▶코로나19 기사 보기"
"249","노영민 ""국민 다수가 文정부 부동산정책 지지""","8월 국회 결산심사 통합당 ""국민과 유리된 판단"" 여야 고성 오가며 5분간 소동 盧 ""강남아파트 2주간 잠잠 부동산정책 패키지 효과"" 노영민 대통령 비서실장이 문재인 정부 부동산 정책과 관련해 ""국민 다수가 지지하고..."
"250","송영길 “LTV 90% 정부와 협의”… 윤호중 “와전된 얘기”","부동산 세제 완화 정책을 검토 중인 더불어민주당이 다주택자 양도세 중과 시점은 추가적으로 유예하지 않기로 가닥을 잡았다. 김부겸 국무총리도 종합부동산세 부과기준 완화에 대해 부정적 입장을 밝혔다. 윤호중..."
"251","결국 절충안 택한 당정…동학개미에 당근 주며 부동산은 옥죄기","여당 내부에선 부동산 정책에 대한 불만 여론이 팽배한 상황에서 공시가 현실화로 재산세 부담까지 증가하면 내년 선거에 악영향을 끼칠 수 있다는 우려가 존재해왔다. 대주주 요건 역시 이른바 '동학개미'인 개인투자자들..."
"252","[사설] 부동산을 둘러싼 기막힌 현실","문재인 정부의 부동산 정책 얘기다. 그간 정부는 출범 한 달 만인 2017년 6월 대출 억제를 골자로 6·19 부동산 대책을 내놓은 뒤 23차례의 대책을 쏟아냈다. 이게 끝이 아니고 24번째 대책 발표가 임박하고 있다. 기가 막힌..."
"253","[사설]""부동산 안정되고 비리 없다"" 부인한다고 덮어지나","노영민 대통령비서실장이 4일 국회 운영위의 청와대 국정감사에서 “정부가 계획하는 부동산 및 조세 정책이 정상적으로 작동된다면 (부동산 시장은) 상당 부분 안정될 것”이라고 낙관론을 폈다. ‘전세 대란’에..."
"254","[사설] 부동산 빅브러더 사회로 가자는 건가","현 정부는 23번의 부동산 정책을 내놓으며 '투기와의 전쟁'이라는 프레임을 고수해왔다. 그러나 다주택자 등을 억눌렀는데도 집값을 잡지 못했다. 규제와 압박은 '패닉 바잉(공포 매수)' 광풍을 만들면서 집값을 더..."
"255","[단독] 부동산거래분석원 대출·세금까지 모두 들여다본다","이에 따라 정부가 각종 부동산 정책을 쏟아냈음에도 불구하고 좀처럼 집값이 안정되지 않자 부동산 종사자들을 대거 법감시망에 넣고 감시하는 것 아니냐는 비판이 나온다. 5일 더불어민주당에 따르면 진성준 민주당..."
"256","“文 부동산정책 대응 전략은?…똘똘한 한채 외 답 없다”","변화한 정부의 부동산 정책에 대응하는 가장 효율적인 전략은 ‘똘똘한 아파트 한 채’라는 분석이 나왔다. 물 샐 틈 없이 막아놓은 정부의 각종 부동산 정책 탓에 세금을 아끼기 위해선 결국 보유한 집들을 팔아 1채를..."
"257","상가·빌딩 굴리면서 부동산정책 좌지우지 [이슈&탐사]","정세은 충남대 경제학과 교수는 “국토 자산에서 우위를 점한 사람들이 관련 정책을 결정하는 중요한 자리에 간 건 국민에게 부동산 정책에 대한 신뢰를 줄 수 없는 구조”라고 말했다. 2018년 9월 개정된..."
"258","[사설] 부동산 통계 개편, 정책실패 덮으려는 오해 사지 않겠나","이런 현실과 괴리된 데이터를 갖고 정부가 부동산정책을 입안한다면 큰 문제가 아닐 수 없다. 정부가 이런 맹점을 개선하려고 하는 것이라면 차제에 실제를 반영한 통계가 나오길 기대한다. 하지만, 왜 하필 지금이냐는..."
"259","""경제원리 무시한 부동산정책, 서민 피해 키우고 있다""","전직 경제 원로들이 현 정부의 부동산 정책에 대해서 “선한 목표만으로 성과를 낼 수 없다” “경제 원리를 무시한 정책으로 서민 피해만 키우고 있다”는 등 쓴소리를 냈다. 최근 논란이 된 임대차 3법, 아파트 공급 등의..."
"260","[한마당] 유동성 덫에 걸린 부동산 정책","보수 야권에서는 참여정부의 부동산 정책이 실패했다는 전제하에 현 정부가 비슷한 실패를 따라 하고 있다고 비판하고 있다. 하지만 금융위기 이후 세계적으로 돈이 넘치는 시기였던 당시도 한국의 부동산 대책은..."
"261","[줌인]'공정' 외치는 김현준의 LH…환골탈태 해법은","그러면서 “LH는 정부의 부동산 정책 실행기관”이라면서 “전문성에서 결여되는 부분이 있을 수 있다 보니 가장 중요한 주택공급시기를 투명하게 끌고 갈 수 있을지 걱정된다”고 우려했다. LH 관계자는 이에 대해..."
"262","또 ‘규제 카드’ 만지작… 文정부 부동산 정책 왜 이러나","뉴스1 정부·여당의 부동산정책이 갈팡질팡하고 있다. ‘임대차 3법’ 통과 1주일도 안 돼 추가 규제 카드를 만지작거리고 있다. 세입자 보호를 명분으로 밀어붙이더니 허점들이 엿보이자 땜질 처방하는 식이다. 전세..."
"263","'임대차3법→전환율→집주인 처벌'…부동산정책 왜 이러나","뉴스1 정부·여당의 부동산정책이 갈팡질팡하고 있다. ‘임대차 3법’ 통과 1주일도 안 돼 추가 규제 카드를 만지작거리고 있다. 세입자 보호를 명분으로 밀어붙이더니 허점들이 엿보이자 땜질 처방하는 식이다. 전세..."
"264","고강도 부동산 정책 끌고가는 여당 “올해 안 가시적 성과”","당 주도의 후속 조치를 예고하며 ‘부동산 정책 흔들기’에 강력 대처하겠다는 의지를 밝힌 것이다. 구체적인 후속 정책도 다듬고 있다. 민주당은 현행 4%인 전·월세 전환율을 낮춰 임차인의 월세 부담을 더는 방안을..."
"265","<‘사자성어’로 본 문재인 정부>‘내로남불’ 넘어 ‘아시타비’‘후안무치’...","문재인 정부의 부동산 정책을 두고는 ‘남원북철’(南轅北轍·수레의 끌채는 남쪽으로 향하고 있는데 바퀴는 북쪽으로 굴러간다는 의미로, 마음과 행동이 일치하지 않음을 의미)이라는 비판이 나온다. 24번의 정책이..."
"266","[열린세상] 투기자만 있고 소비자는 없는 부동산 정책/황금주 중앙대 경영학부...","억제에 초점을 맞추는 부동산 정책이 많이 배워야 하는 프로그램이다. 우리의 부동산 정책은 문제점을 안고 있다. 첫째, 집을 투기 대상 일변도로 본다는 문제다. 집은 투자뿐만 아니라 소비의 관점으로 봐야 한다...."
"267","[사 설] 획기적 공급대책, 시장 친화적 부동산정책 계기돼야","이제야 부동산 정책의 마지막 퍼즐이 맞춰졌기 때문이다. 무엇보다 주목할 만한 것은 획기적이라 할 수준의 인식전환이다. 그린벨트까지 포함된 택지개발, 용적률 상향과 50층까지 허용하는 고밀재건축 등은 부동산..."
"268","[인터뷰]송석준 “세금완화·양질주택 공급해야 부동산정상화 가능“","송석준 국민의힘 의원은 부동산시장이 정상화되기 위해선 세금 완화와 양질의 주택이 공급돼야 한다고 주장했다.(사진=노진환 기자) 징벌적 과세에 조세 회피 경고 송 의원은 우선 문재인 정부 부동산 정책의 가장 큰..."
"269","[사설] 부동산 투기로 부를 축적해 온 고위공직자들","부동산 투기가 의심되는 사례들에 대해서는 광범위하고 철저한 수사가 필요하다. 정부·여당은 모든 정책·입법 수단을 동원해 미공개 정보를 이용한 공직자들의 투기를 차단하고 엄벌해야 한다. 공직사회 스스로..."
"270","GTX-D 부천까지만 신설…주민들 “광역급행 맞나” 반발","전국 단위 철도 건설·투자 방향을 정하는 4차 국가철도망 계획은 이번 공청회에서 발표된 시안을 바탕으로 6월에 확정·고시된다. 이정하 진명선 기자, 전국종합 jungha98@hani.co.kr ▶부동산정책 기사 보기▶코로나19 기사 보기"
"271","與, ""무주택자 대책만 논의...종부세 논의 안 한다""(종합)","민주당은 오는 27일 부동산 관련 정책과 보완과제를 점검하기 위해 부동산 특위 1차 회의를 연다. 이 자리에는 윤호중 비상대책위원장 겸 원내대표, 진선미 부동산특위원장, 홍익표 정책위의장 등이 참석한다. 최 대변인은..."
"272","노벨 경제학상 수상자의 경고 ""거품 낀 美 집값 2003년 같다""","스탠더드앤드푸어스(S&P)와 함께 S&P코어로직 케이스·실러 지수를 개발해 부동산 시장 동향을 분석하고... 실러 교수는 최근 자산가격 상승의 원인에 대해 ""중앙은행의 정책 때문이라고 생각하지 않는다""며 ""군중심리가..."
"273","여권 잠룡·지지층도 ‘그린벨트 해제’ 반발, 오락가락 부동산정책, 시장 혼...","20일 이낙연 더불어민주당 의원은 서울 여의도 당사에서 8·29 전당대회 당대표 후보등록을 마친 뒤 기자들과 만나 부동산 정책에 대한 여권 내 혼선에 대해 ""가장 중요한 것은 정부·여당이 한목소리를 내야 한다는 것이다...."
"274","[한국일보 사설] 조세 저항 부른 부동산 정책 실패, 책임 물어야","그럼에도 납세자들을 거리로 내몬 건 부동산 정책과 관련 세정의 예측 가능성을 완전히 무너뜨린 급격한 정책 변화와 그로 인한 ‘부수적 피해’에 대한 무신경이다. 김현미 국토교통부 장관은 지난 23일에야 “집값이..."
"275","100분 끝나자 드러낸 ‘陳心’… 시청자들 “부동산 사기정책” 분노","앞서 100분간 정부의 7·10 부동산 대책을 적극 설명하고 “이제야 부동산 정책의 원칙이 확립될 때가 왔다”고 주장한 끝이었다. 반전도 이런 반전이 없었다. 이날 앞서 문재인 대통령이 제21대 국회 개원 연설에서..."
"276","[여명] 文정부 4년, 살림살이는 좀 나아졌습니까","시장을 거스른 부동산 정책은 예상대로 고삐 풀린 집값으로 나타났다. LH 투기 의혹 사태는 끓는 물에 기름을 부었다. 대통령과 180석에 달하는 거대 여당도 민심 이반을 당해낼 수 없었다. 대통령 지지율은 30%대로..."
"277","20대는 취업난, 30대는 부동산... '추석 민심' 세대별로 갈렸다","20대 청년층은 취업난과 이와 연결된 공정 이슈를 중요하게 생각한 반면 30대는 부동산 정책에 민감하게 반응했다. 4050세대 이상 중장년층에서는 자녀 교육과 고용 불안을 언급하는 목소리가 많았다. 한국일보는 4일..."
"278","1주택 세부담 완화하고 다주택은 중과…소급적용도 검토","다만 당 내부에서 이러한 부동산 세제 개편이 기존 정책에 대한 '후퇴'라는 반론이 거센 상황이라 결정 과정에서 험로가 예상된다. 아울러 민주당은 임대사업자에게 제공되는 세제 혜택을 대폭 축소하는 방안도 함께 검토..."
"279","[사설] 그린벨트 해제 논의, 부동산정책 실패의 증거다","며칠 전의 ‘7·10 대책’에 이르기까지 모두 스물두 차례에 걸친 부동산정책이 실패했음을 스스로 인정한 셈이다. 더욱 눈길을 끄는 것은 홍남기 부총리가 7·10 대책 발표 때만 해도 “그린벨트 해제는 없다”고 못..."
"280","막막한 내 집 마련에 '지주택' 기웃대는 실수요자 ""반값 주택 믿어도 되나요""","서울 동작구에서 부동산중개사무소를 운영하는 A씨는 ""인근에서 조합 설립 사례가 나오다 보니 일반 매매를... 이은형 대한건설정책연구원 책임연구원은 ""지주택은 준공까지 10년이 걸리면 그나마 빠른 편이고 조합의..."
"281","부동산정책 총체적 난맥상 ‘3無 컨트롤타워’","정부의 부동산 정책이 총체적 난국에 빠져들었다. 수요와 공급에 따라 움직이는 시장 원리를 무시하고, 중장기 전략과 원칙 없이 두더지잡기식 ‘땜질처방’을 반복하는 가운데 청와대와 여당, 주무부처인 국토교통부..."
"282","與 '고강도' 부동산 정책 남발…정부도 뉴스 보고 놀란다","180석을 확보한 거대 여당이 '투기 억제' 명목으로 부동산 정책을 남발한다. 앞서 정부가 추진하려던 계획을 뒤엎거나 훨씬 강도가 높은 법안을 잇따라 내놓고 있다. 정부 담당자도 뉴스를 통해 알 정도로 사전 교감이..."
"283","[사설] ‘최고의 민생과제’라면서 신뢰 잃은 부동산정책","부동산 정책이 심각한 신뢰 위기에 처했다는 얘기다. 정책의 적절성과 효과는 물론이고 그 의도와 진정성까지 의심의 대상이 되고 있다. 이런 상태에서는 정부가 무슨 정책을 내놓든 시장에서 먹히기 어렵다. 정책의 최고..."
"284","상도동 1주택자 보유세 218만→178만원…못 웃는 이유는?","이은형 대한건설정책연구원 책임연구원은 “1주택자의 주택 보유 부담을 줄여주는 측면에서는 긍정적인 일이지만, 재산세 감면이 부동산 시장에 유의미한 영향을 미치지는 않을 것”이라고 평가했다. 세종="
"285","안철수 ""文정부 부동산정책, 한번도 경험못한 무능""","안철수 국민의당 대표가 6일 “이 정권의 계속된 부동산 정책의 결과가 가진 자에게는 날개를 달아주고 서민들에게는 피눈물을 쏟게 했다”며 “정말 한 번도 경험해보지 못한 무능”이라고 비판했다. 안 대표는 이날..."
"286","文정부 경제정책 “F학점” 54.4%","이처럼 낮은 평가를 받게 된 주요 요인으로 부동산 정책이 자리하고 있는 것으로 조사됐다. 정부의 경제정책 중 가장 미흡한 정책으로 응답자(복수응답)의 41.2%가 부동산 정책을 꼽았다. 72.4%는 문재인 정부가 ‘집값..."
"287","[사설] 부동산 정책 실패, 새 발상과 새 사람 필요하지 않나","이해찬 민주당 대표가 앞으로 여당이 부동산 정책 주도권을 쥐겠다는 뜻을 밝혔다. 이미 민주당에선 '국토부 패싱' 조짐이 나타나고 있다. 종부세 최고세율 대상을 크게 늘리고, 양도세율을 최고 70~80%까지 물리는 등 '징벌..."
"288","[사설] 전셋값도 폭등하는데 정부는 “부동산정책 작동한다”니","참여연대는 “부동산정책은 사실상 실패했다”며 정책기조 전환을 촉구했다. 경실련은 어제 다주택 보유 공직자를 즉시 교체해야 한다고 주장했다. 역차별 논란도 뜨겁다. 인터넷에는 부동산 규제를 둘러싸고 “평생..."
"289","與 당권주자 첫 TV토론서 ‘난타전’","우 후보는 “양극화 심화에 코로나19로 민생이 도탄에 빠졌고 부동산 정책 실패에 LH 사태까지 겹쳤다”며 “우리는 개혁한다고 했지만 절규에 귀를 닫고 제대로 해내지 못했다”고 자성했다. 한편 당대표 후보와 최고위원..."
"290","참여연대 “땜질식 핀셋규제 실패”… 부동산 정책 전면 전환 촉구","“취임 이전으로 낮춘다던 집값 정반대로… 소주성, 부동산 불로소득 주도로 돌아와” 보유세 강화·양도세 비과세도 폐지 주장 이준구 교수 “임대사업자 특혜 철폐해야” 문재인 정부의 부동산 정책에 대해 진보..."
"291","참여정부 인사까지 날선 비판…부동산정책 신뢰도 바닥 추락","정부의 부동산 정책을 보면 크게 3개의 규제 타깃이 있다는 게 전문가들의 분석이다. 현 정부 들어 처음 부동산 규제 대상은 강남이었다. 다음은 다주택 투기꾼이었다. 지금은 갭투자를 노리는 실수요자다. 대책의..."
"292","어떤 규제에도 끄덕 없는 '부동산 가치 투자법' 과정 개설","남 소장은 4회에 걸쳐 각종 부동산 정책에 따른 다양한 투자법을 소개할 예정이다. 신림선, 동북선, 면목선 등 서울의 경전철 계획에 따른 이슈 지역 분석은 물론 역세권 정책 분석과 지구단위계획에 대한 이해를 통해..."
"293","가계부채 증가율 4%로 낮추고 청년층 대출한도 늘리기 '투트랙'","특히 여당이 최근 서울·부산시장 보궐선거에서 참패하면서 규제 일색인 부동산 및 가계부채 정책의 변화가 필요하다는 목소리가 커지고 있다. 최인호 더불어민주당 수석대변인은 지난 9일 “무주택자와 청년층..."
"294","“김포·파주 등 언제든 조치” 초단타 부동산 정책 예고","“지금의 부동산 정책은 종합대책 성격으로 너무 복잡하고, 정책 관련 거부감이 높다 보니 결국 정책의 지속가능성이 떨어지는 딜레마에 빠져 있다”고 진단했다. 이 밖에도 박 차관은 방송에서 강남 일부 지역을..."
"295","[기고] 사다리 걷어차는 6·17 부동산 정책 유감","그러나 6·17 부동산 정책은 다음과 같이 위헌성을 내포하고 있다. 첫째, 이 조치는 국민의 거주·이전의 자유(헌법 제14조)를 상당히 제한한다. 거주·이전의 자유는 국가권력의 간섭 없이 자유롭게 거주지를 결정할 수..."
"296","與野 부동산 정책 대립에… 일정도 못잡은 국토위·기재위","시작됐지만, 부동산 대책을 다루는 국토교통위원회와 기획재정위원회는 이를 둘러싼 여야 간 의견차가 커 파행을 빚고 있다. 여당은 7월 임시국회 안에 부동산 관련 법안을 반드시 처리한다는 방침이라 향후 충돌..."
"297","與, 두차례 선거 압승에 취해 오만… ""文, 시장 나가 민심 들어야”","부동산 정책의 실패는 정권의 최대 위기로 이어졌다. 노영민 전 대통령비서실장을 비롯한 청와대 참모진과 여권 핵심 인사들의 다주택 보유가 논란을 부추겼고, 올해 초 한국토지주택공사(LH) 직원들의 땅 투기 사태까지..."
"298","[사설]아마추어 정책 결과는 정반대인데 또 ‘희망고문’인가","부동산 정책은 총체적 난맥상 그 자체다. 7월 말 세입자 보호를 명분으로 강행한 임대차 3법이 외려 세입자를 괴롭히는 등 역효과를 낳고 있다. 지난주까지 서울 아파트 전셋값은 68주 연속 상승했고, 수도권의 전세 매물은..."
"299","돌아온 도규상…경제·금융정책 핵심되나","부동산 정책으로 궁지에 몰린 청와대 입장에서는 금융 부문에서 도 부위원장이 답답한 속을 풀어 줄 ‘청심환(淸心丸)’이 될 수도 있다. 도 부위원장의 인사는 최근 2년래 금융권 최대 관심사 가운데 하나로 꼽힌다. 도..."
"300","[사설] ‘수요 억제’만 겨냥하는 외눈박이 부동산정책은 필패다","‘보유세 강화와 거래세 인하가 함께 가야 한다’는 것은 국토교통부도 강조해 온 정책조합이다. 하지만 정부는 보유세만 올렸을 뿐 양도세 인하에는 소홀했다. 부동산 거래로 큰 차익을 얻었는데 세금을 낮춰주는 게..."
"301","조기숙 ""집값 폭락할거란 文발언 듣고 부동산 정책 큰일나겠구나 싶었다""","그러면서 ""대통령이 참모에게서 잘못된 신화를 학습했구나 큰일 나겠다 싶었다""며 ""부동산정책 실패 원인이 전문성 부족에 있다""고 지적했다. 조 교수는 ""일본은 도쿄 인근 신도시가 공동화됐지만 도쿄 집값은 꾸준히..."
"302","[스페셜리포트③]정쟁보다 민생 ‘코로나·부동산’ 최우선 이슈로 다뤄야","코로나19 재확산에 따른 경제 위기와 소상공인 및 자영업자의 몰락, 부동산 정책 실패에 따른 민심 이반 등이 최우선 해결과제로 꼽힌다. 하지만 여야는 국회 개원 때 다짐과 달리 민생정치보다는 서로 ‘네 탓’하며..."
"303","[단독] 강민석 靑 대변인 사표 냈다... ""부동산 정책 불신에 책임""","강 대변인은 본인의 말 실수로 정부 부동산 정책 불신을 초래한 것을 책임지는 차원에서 지난 17일 사표를 냈다고 복수의 청와대 관계자들이 전했다. 다만 노영민 대통령실장이 강 대변인 사표를 즉각 반려해 거취 변화는..."
"304","[사설]사상최악 전세대란, 어물쩍 사과 아닌 근본 정책전환을","문재인 정부에 바라는 건 자기 발등 찍어가며 소극(笑劇)을 연출하는 당국자의 사과가 아니다. 실패한 규제 일변도 정책 주도자들을 물러나게 하고 시장과 경제 원리에 맞게 부동산 정책을 근본적으로 대전환하라는 것이다."
"305","""부동산 과한 거품 사라져야"" 이낙연 대표 강경대응 예고","일변도의 부동산 정책을 시사했다. 이 대표는 지난 29일 서울 여의도당사에서 개최된 정기 전국대의원대회 당대표 경선에서 60.77%의 득표율로 김부겸(21.37%)·박주민(17.85%) 후보를 제치고 1위에 올랐다. 또 최고위원으로는..."
"306","文대통령 주재 국무회의에 오세훈 참석…이견 표출될까","오 시장 측은 정부의 코로나 대응과 부동산 정책에 대한 ‘쓴소리’를 언급할 수 있다는 입장인 것으로 알려졌다. 오 시장은 벌써 서울시 자체적인 ‘상생방역’을 내세우고 있다. 영업장의 자가진단 키트 활용을 전제로..."
"307","[헤럴드비즈] ‘1가구 1주택’ 집착이 현 정부 부동산정책 실패의 첫 단추","만일 정부가 ‘1가구 1주택’ 정책을 극단까지 밀어붙여 다주택자가 아예 없어진다면, 그래서 전·월셋집 공급자가 아예 없어진다면 어떻게 될까? 집을 살 목돈이 없는 전·월셋집 수요자들은 집을 전혀 구하지 못할 것이고..."
"308","부동산시장 단속결과 또 발표…‘감독기구’ 설치 명분 쌓나","오히려 정부·여당이 부동산 정책 실패 책임을 언론과 민간 부동산 전문기관들에 돌리는 듯한 원색적인 발언을 국회에서 쏟아내는 데 대해 시장의 우려는 더 크다. 정책 실패를 ‘허위정보’ ‘가짜뉴스’ ‘언론의 탈을..."
"309","대선까지 10개월…당심-민심 좁혀 재집권 기반닦기 과제","둘째, 부동산 정책이다. 4·7 재보선 이후 종부세 완화 여부, 대출규제 완화 여부, 과세이연 제도 도입 여부 등 정부와 여당의 부동산 정책이 갈팡질팡하고 있다. 여당 지도부 공백으로 당정의 중심축이 무너진 탓이다...."
"310","“투기세력 때문에 가격 급등” 또 부동산 훈수 나선 추미애","추 장관은 전날인 22일에도 페이스북에 글을 올려 박근혜 전 대통령 지지 세력 등 일부에서 “부동산 정책 실패를 덮기 위해 바이러스 위기를 조장한다는 주장”이 있다면서 “(최근) 부동산이 급등하는 것은 투기세력..."
"311","부동산·비정규직까지 꺼내며 ‘항복 도장’ 찍으라는 전공의들","“망가져버린 부동산 정책, 인천국제공항공사 정규직 전환 논란 등 과정의 공정성 따위는 안중에도 없는 정부에 맞서, 저희는 의사가 아니라 대한민국의 청년들로서 모든 청년들과 함께 연대하려고 합니다.”(박지현..."
"312","[view] 1년 남은 문 대통령 마이웨이","71분 동안 진행된 연설과 회견에서 문 대통령이 몸을 낮추거나 ‘성찰’의 태도를 나타낸 건 부동산 정책 관련 대목이 유일했다. 그는 “지난 4년 동안 가장 아쉬웠던 점은 역시 부동산 문제”라며 “부동산 가격을..."
"313","'슈퍼 與'올라탄 2대 국회, 부동산정책에 강드라이브","전ㆍ월세 신고제, 종합부동산세(종부세) 세율 인상 등 미완의 부동산 정책들이 현실화될 가능성이 높다는 관측이 나온다. 1일 정치권과 부동산 업계에 따르면 21대 국회에서 177석을 차지한 '슈퍼 여당'이 부동산시장에..."
"314","이낙연 “이재명 기본소득, 재원 방안 없으면 허구”","핵심 정책인 신복지와 관련해서는 소득 3만 달러 수준에 맞는 복지 체계가 필요하다는 점을 강조했다. 이 전 대표는 부동산 문제와 관련해 “재산세 완화 구간을 넓힐 필요가 있다”며 “종합부동산세는 고가 주택을 많이..."
"315","임혜숙·박준영 등 꼬리무는 의혹…'인사청문' 여야 격돌 예고","'장관급까지 인사청문제도를 확대한 2005년 7월 이후에 위장전입을 한 경우 고위직에서 원천 배제한다'는 인사검증 기준에 위반되는 건 아니지만, 변창흠 전 장관의 사퇴 여파에 더해 부동산 정책의 주무부처 장관..."
"316","""급매 나오기 무섭게 팔렸어요""… 서울 식지않는 패닉바잉 [상승세 안 꺾인 부...","휴가 시즌인데도 관망세의 매도인과 매물을 찾으려는 매수인 간 신경전은 뜨겁습니다.""(서울 양천구 목동 소재 A중개업소 관계자) 최근 7·10 및 8·4 공급대책 등 잇단 부동산정책 발표에 휴가철 비수기까지 겹쳤지만 서울..."
"317","文 “LH사태 국민께 송구”… 與野, 의원 전수조사·특검 합의","국민의힘 등 야권에서는 문 대통령이 부동산 정책 실패 등 정부의 책임을 과거 적폐 탓으로 돌리고 공기업 개혁 등을 사정 정국으로 돌파하려 한다는 지적이 나온다. 문 대통령은 “공직자 개인에 대해서도 공직윤리의..."
"318","""부동산 감독기구, 국민 탓하는 행위""… 전문가 10명 중 찬성은 1명뿐","김헌동 경제정의실천시민연합(경실련) 부동산건설개혁본부장은 ""새로운 조직을 만들겠다는 것은 지금도 자기들이 정책을 잘못해서가 아니라 국민 때문에 집값이 올랐다고 생각하는 무책임한 행동""이라며 ""부동산 정책을..."
"319","통합당 ""의원 부동산 이해충돌 땐 상임위서 뺄 것""","주 원내대표는 이날 본지 통화에서 ""부동산 재산 때문에 이해 충돌 가능성이 제기되는 일부 의원이 건설업계와 부동산 정책을 담당하는 국토교통위에 소속돼 있다는 지적을 받고 있는데 실제 그런 문제가 있다고 판단되면..."
"320","오세훈의 선별복지 '안심소득' 실험","캠프 관계자는 “오 시장은 신종 코로나바이러스 감염증(코로나19) 방역, 부동산 정책에 이어 안심소득과 1인가구 보호특별대책을 중심으로 한 복지정책에 드라이브를 걸 예정”이라고 설명했다. 오 시장이 구상한..."
"321","[기자24시] 부동산 민심이 39세 주부에 환호한 까닭","정부가 굵직굵직한 부동산 정책을 연일 쏟아내면서 결국 모두를 예민하게 만들었다. 이해관계로 얽힌 임대인과 임차인뿐 아니라 무주택자는 무주택자대로, 1주택자는 1주택자대로, 다주택자는 다주택자대로 촉각을..."
"322","가상화폐 과세, ""조세 형평 고려"" vs ""시기상조""…與, 불협화음","집권여당인 더불어민주당이 부동산 정책에 이어 가상화폐 과세 여부를 두고도 '갈지자' 행보를 예고하고 있다. 정부와의 불협화음은 물론 당내 혼선까지 노출하는 등 집권 마지막 해에 민심 이반을 자초하는 모습이다...."
"323","與 소속 강남구청장 ""재건축 규제 풀어야""","그는 “강남 집값은 정부의 거듭된 억제 정책에도 꾸준히 상승세를 이어온 게 현실”이라며 “강남은 집중도가 갈수록 더 심해져 주택 수요가 늘어날 수밖에 없다는 점을 감안해야 하고, 이를 토대로 부동산 정책이나..."
"324","대출 규제는 풀고, 종부세는 당분간 손안댄다","윤호중 비상대책위원장 겸 원내대표는 “부동산 정책이 국민 눈높이를 만족시키지 못했다는 질책에 겸허히 고개를 숙인다”며 “실소유자는 보호하고 무주택 서민을 위한 주거 복지를 강화할 것”이라고 했다. 무주택..."
"325","[사설] 법 만능에 빠진 거대 여당의 부동산 폭주","김태년 민주당 원내대표는 “정부의 부동산 안정화 정책을 무력화하기 위한 가짜뉴스가 난무한다”며 “시장 교란 행위에 대해선 전 행정력을 동원해 강력히 차단하겠다”고 엄포를 놓았다. 하지만 국민은 이 모든..."
"326","[부동산大진단]""지금 집 사라""…무주택자, 미룰 필요 있나","이데일리가 9일 학계·업계·연구기관 등 부동산 관련 전문가 8인을 대상으로 정부의 부동산 정책에 대한 설문조사를 진행한 결과, 8인의 전문가 모두 무주택자의 내 집 마련 시기로 현 시점에서 내년 사이를 추천했다...."
"327","文 국정지지율 30%도 깨졌다… 29%로 취임후 최저","직무 수행 부정 평가자들은 ‘부동산 정책’(28%), ‘신종 코로나바이러스 감염증(코로나19) 대처 미흡’(17%), ‘경제·민생 문제 해결 부족’(9%) 등을 이유로 들었다. 부동산·경제·외교·복지·교육 정책 평가 역시..."
"328","“LH 쪼개기가 혁신이냐” 지주·자회사 분리 검토론 맹폭","임대주택 정책 등 비수익 주거복지 사업만 담당토록 한다는 것이다. 기존 LH는 토지, 주택, 도시재생 업무만... 서진형 대한부동산학회장(경인여대 교수)은 ""지주회사를 만든다는 발상은 공기업 구조와 맞지 않고, 오히려..."
"329","송영길 “양도세·보유세 같이 올리니 출구 없어… 세금, 징벌적 수단 되면 부...","文정부 부동산 정책 문제 지적 우원식 “정책 기조 지킬 것” 부정적 홍영표도 “文 지우기 걱정” 협공 송영길 더불어민주당 의원. 세계일보 자료사진 더불어민주당 당권 주자인 송영길(사진) 의원은 25일 문재인정부의..."
"330","`부동산 민심` 악화에…靑참모 6명 사의","4·15 총선 압승 이후 잇단 악재에 문재인 정부 지지율이 급락한 데 따른 돌파구 마련을 위한 것이기도 하지만 최근 부동산 정책 실패와 청와대 다주택 참모들을 둘러싼 논란이 결정적인 배경인 것으로 풀이된다. 후속..."
"331","[독자 마당] 부동산 '자유시장 원리'에 맡겨라 외","부동산 '자유시장 원리'에 맡겨라 최근 정부의 각종 부동산 정책으로 집값이 폭등하고 전·월세 시장이 극도의 혼란에 빠졌다. 정부는 이런 문제가 다주택자들 때문에 발생한 것으로 규정해 그들에게 책임을 전가하고..."
"332","[여명] '부동산 투기'라는 환상과 싸우는 정부","대선 등 향후 선거일정을 고려해볼 때 정치의 부동산 정책 개입은 더 강도가 세질 것으로 보인다. 정치까지 섞인 중구난방식 정책이 되다 보니 일각에서는 집값 정책으로 얻으려는 의도가 뭔지 모르겠다는 이야기마저..."
"333","여야 초선들은 어쩌다가 민심 공감지수 떨어졌나","대선·총선처럼 민심의 진폭이 큰 전국 선거에서 패하거나, 부동산과 같은 생활밀착형 정책에서 실패할 경우 초선들이 최전선에 서곤 했다. 16대 국회 당시 새천년민주당 천(정배)·신(기남)·정(동영)이 주도한 정풍운동..."
"334","[view] 1765조 가계빚…금리 오르면 경제 뇌관 된다","한국은행이 풀어야 할 통화정책이 난해한 고차방정식이 됐다. 한국 경제의 약한 고리 중 하나인 가계빚의... 넘치는 유동성으로 인한 부동산과 주식시장, 암호화폐 등 자산시장 과열에 따른 금융시장 불안감도 커지고..."
"335","대출금리 뛰는데 '영끌' 또 7兆, 가계대출 1천조 넘었다 [가계 부담 눈덩이]","시장에서는 지속되는 주담대 확대 속에 정부의 가계대출과 부동산 정책 효과를 주시한다. 금융당국은 가계대출 동향을 면밀히 모니터링하는 한편 3월 중 '가계부채 관리방안'을 마련해 가계부채 연착륙을 뒷받침해..."
"336","[36.5˚C] 부동산, 규제보다 먼저 해야할 일","한 여당 의원은 방송 토론 이후 ‘어차피 집값은 안 떨어진다’는 말로 부동산 정책에 대한 속내를 드러냈다. 국민들의 마음도 이와 다르지 않을 것이다. 정부와 여당의 부동산 정책 노력을 모르는 바는 아니나 그 효과나..."
"337","여권 부동산 실책에 ‘쌍윤 효과’…통합당 지지율, 민주당 제칠 기세","박원순 전 서울시장의 성추행 의혹, 추미애 법무부 장관과 윤석열 검찰총장의 갈등에 부동산 정책 관련 법안을 강행 처리한 것이 잇따라 정부와 여당의 신뢰를 깎는 요인으로 작용했다는 것이다. 그러면서 통합당의..."
"338","부동산·주식 열풍과 신앙인의 사명… 지금 당신 삶의 우선순위는","기독NGO ‘희년함께’는 지난달 말부터 부동산 이슈와 쟁점, 정책의 역사와 현주소를 짚는 ‘2020 부동산 만민공동회’를 온라인 화상회의 플랫폼 줌(ZOOM)을 통해 진행하고 있다. 지난 4일 발표한 공동기도문에는 투기..."
"339","변창흠 사의 조건부 수용… 文 “공급대책까진 마무리”","그러나 이번 사태에 대한 국민적 공분이 일고 부동산 정책에 대한 불신도 커지는 등 상황이 악화되자 변 장관을 교체하기로 마음을 굳힌 것으로 보인다. 문 대통령은 변 장관의 사의 수리 시기와 관련해선 “다만, 2·4..."
"340","부동산논란 장본인 노영민은 일단 유임… 野 “사직 쇼” 맹비난","애초 비서실장으로 유력하게 거명됐던 김 장관은 부동산 정책으로 논란이 된 만큼 발탁 가능성이 작았다. 양 전 원장도 문 대통령의 ‘최측근’이라는 사실이 비서실장을 맡기에 오히려 단점으로 작용한다는 평가를 받기도..."
"341","[데스크칼럼] 부동산·유통 민주주의?…철없는 규제 괴물","‘부알못(부동산을 잘 알지 못하는 사람들)’이나 ‘부생아(부동산 신생아)’들조차 부동산 정책을 주안상에 올린다. 주된 메뉴는 ‘시장’과 ‘심리’다. 시중에 돈은 넘쳐나는데 공급은 적고 수요는 많다는 사실을..."
"342","6월 양도세 중과 '유예'?…""'인하' 아니면 다주택 매물 안 나올 것""","다주택자들의 매물을 유도하기 위해선 양도세 인하가 필요하지만 지금까지 여당의 부동산 정책 기조를 봤을 때 효과를 볼 만큼 세금 부담을 낮춰주지 않을 거란 예상에서다. ━ 6월1일부터 양도세 최고 '75%'…현행 최고 65..."
"343","與잠룡 `빅2` 전격회동…화두는 부동산","이 지사는 이어 ""(이 의원이) 부동산 정책에 대해 겁이 나서 집을 사고 싶은 공포 수요를 대체할 수 있는 집(기본주택)을 만들어주는 게 핵심이라고 말했는데, 의견이 일치한다""고 말했다. 이 의원도 ""공공주택 공급 확대에..."
"344","딴지일보 동창인 우리… 어쩌다 文정부 까는 ‘수퍼 관종’이 됐나","자칭 ‘논객 호소인’인 기생충 학자 서민(54) 단국대 교수와 “부동산 정책에 화딱지 나 밥하다 뛰쳐나왔다”는 주부 논객 삼호어묵(윤세경·40). 서로의 글을 흠모했다는 두 사람이 <아무튼, 주말>에 ‘배틀’ 신청을..."
"345","정세균 ""부동산 과열 국민께 걱정시켜 송구""","정부의 부동산 정책 혼선을 두고 야권의 맹공이 이어졌다. 정부는 지난 3년간 부동산 정책을 22번째 발표해 시장에 혼선을 제기했다는 비판을 받았다. 부동산 시장 과열이 일고 있어 국민의 불안감이 커지는 상황이다...."
"346","與 종부세 혼선, 원내지도부끼리도 엇박자","이에 대해 여권 관계자는 “종부세는 문재인 정부 4년 동안의 부동산정책의 일관성과 맞닿아 있지만, 수도권 표심과도 밀접한 문제라 의견이 제각각 쏟아져 나오는 상황”이라며 “다음 달 2일 새 당 대표가 결정된 뒤에야..."
"347","부동산대책에 성난 민심, 촛불 드나…25일 집회 예고","(사진=연합뉴스)◇文정부 부동산정책 반발민심, 확산일로 그린벨트 논란뿐 아니라 6·17대책, 7·10대책에 이어 추가공급대책 방안 추진까지 현 정부의 부동산 정책에 대한 국민적 저항이 온라인상에 확산·표출되고 있다...."
"348","[매경데스크] '이 회장 고마워요' 한마디는 해야","추기경은 성직자라면 누구나 그렇듯 평생 돈보다 사람을 앞세운 삶을 살았는데 대통령은 굳이 보수정권 부동산 정책 비판과 연결될 이 발언을 골라내 고인의 삶을 추억하고 있다. 나는 정 추기경을 존경하지만 뉴타운..."
"349","“전세계약 무기한 연장” “종부세율 8%대”… 부동산 법안 ‘묻지마 발의’...","정부의 부동산 정책을 집행하기 위한 입법이지만 이 중에선 실현 가능성이 낮은 법안들도 적지 않아 국회도 부동산 정책의 난맥상을 가중시키고 있다는 지적이 나온다. 23일 국회 의안정보시스템에 등록된..."
"350","부동산 민심 심상치않자… 與대선주자들, 당정과 다른 목소리","하지만 정부의 부동산 정책 실패에 대한 국민적 원성이 높아지면서 차기 주자들이 독자적인 목소리를 내기 시작했다는 관측이다. 이런 가운데 당·정·청(黨政靑) 수뇌부는 이날 저녁 서울 삼청동 총리 공관에서 회의를 열어..."
"351","""내 집 마련이 범죄냐""… 온라인서 오프라인 번진 부동산 항의 시위","온라인에서 활동하던 이들이 현 정부의 부동산 정책에 분노해 오프라인 시위까지 조직하는 단계에 이른 것이다. 카페 운영진 측은 ""이번 주말 집회엔 500여명이 참여했지만 추후 집회엔 더 많이 나올 것""이라고 했다. 4개..."
"352","""세금 아닌 벌금""…부동산 조세저항 시작됐다","지난 4일 서울 신도림역 앞에서 부동산 정책을 비판하는 집회가 열린 데 이어 18일엔 종로에서 규탄집회가 열렸다. 시민들이 “부동산 세금으로 국민을 죽일 셈이냐” 등의 구호를 외치기 시작해 본격적인 조세저항..."
"353","부동산 혼선 속 조정능력 발휘…정 총리 ‘경제총리’로 무게추 이동","최근 들어 정 총리의 부동산 정책 발언 강도도 높아지고 있다. 정 총리는 지난 8일 코로나19 중앙재난안전대책본부 회의에서 “각 부처는 지방자치단체를 포함해 고위공직자 주택보유 실태를 조속히 파악하고..."
"354","""부동산 투기에 침묵하는 게 직무유기""라는 秋, 마음은 콩밭에?","정치권 일각에서는 법무장관이 부동산 정책에 목소리를 내는 것은 이례적이라는 점에서 차기 서울시장을 염두에 둔 제스처 아니냐는 지적도 나오고 있다. 추 장관은 20일 자신의 페이스북에 “부동산이 투전판처럼..."
"355","부동산 과열에 금리동결… 이주열 ""올 성장률 -0.2% 밑돌 것"" [기준금리 0.5%...","그는 정부 부동산 정책의 효과에 대해 기대하며 ""정부의 주택시장 안정화 의지가 확고하고 강력한 대책이 나온 만큼 주택가격 추가 상승은 제한적""이라고 덧붙였다. 장기 금리동결로 가나 이 같은 분위기에서 한은..."
"356","여당의 뒤늦은 반성 ""서울 용적률 올리는 방안 강구""","하지만 여론이 악화되자 여당은 ""부동산 정책이 막 효과를 내려는 시점에 양도세 완화를 언급하는 건 부적절하다""며 ""논의할 계획도 없다""고 진화에 나섰다. [ / / 이축복 기자]"
"357","""법무장관이 부동산까지 개입"" 월권 논란 가열","추 장관이 처음 금부분리를 주장할 때는 정부의 부동산정책을 둘러싼 논란에 한 마디 보태는 정도라는 인식이 많았으나 직접 수사 지시를 내림으로써 자신의 권한을 이용해 실제로 부동산시장 개입에 나섰기 때문이다...."
"358","촛불로 번진 부동산 분노","문재인 정부의 부동산 정책에 대한 국민적 조세저항 분노 수위가 점점 높아지고 있다. 온라인 실검 항의를 넘어 촛불 집회까지 예고된 가운데 사상 초유의 집단 위헌 소송 가능성까지 제기되고 있다. '6·17 규제 소급적용..."
"359","아버지 돈인데… 큰아버지에 빌린 것처럼 꾸며 고가 부동산 매입","부동산 정책이 변화하면 적합한 회피 수단을 물색할 뿐이다. 국세청이 다주택자 및 다주택 법인 등 413건의 세무조사에 착수한다고 28일 밝힌 이유이기도 하다. 30, 40대가 중심에 서 있다. 법인 21곳을 제외한 392명의 조사..."
"360","협의도, 절차도 무시한 巨與…'부동산 입법' 뜻대로 다했다","민주당 문정복 의원이 간사로 선임된 통합당 이헌승 의원을 겨냥해 ""강남 집 소유로 막대한 시세차익을 얻은 인사가 부동산 정책을 다루는 국토위 간사로 선임되는 건 부적절하다""는 취지의 주장을 펴면서다. 시작부터..."
"361","[백상논단] 누구를 위한 부동산 대책인가","부동산정책은 단순히 세금조정으로 해결할 수 있을 정도로 단순하지 않다. 경기 전반에 선행지표 역할을 할 뿐만 아니라 금리·유동성과 직결돼 있고 교육문제, 인구구조 변화와도 밀접하게 연관돼 있을 정도로..."
"362","조남관 “투기세력 발본색원 부패 고리 끊어야”","이에 시민단체 사법시험준비생모임은 “여당과 긴밀히 협조해 부동산 정책을 이끌면서 업무상 비밀을 이용해 전세가 상한제 적용을 피했다”며 김 전 실장을 고발했다. 이날 간부급 공무원의 투기 의혹을 확인하기 위해..."
"363","[사설] 7·10 대책, 부동산 광풍 잠재울 수 있겠나","김현미 국토교통부 장관이 “부동산 정책이 잘 작동하고 있다”고 호언한 지 며칠 만에 추가 대책이 나왔다는 건 지금까지의 문재인정부 부동산 대책이 실패했음을 자인한 것이다. 7·10 대책으로 부동산 투기가 잡히면..."
"364","야 “임혜숙은 여자 조국”…여 “퀴리 부부도 협력해 성과”","■ 부동산 투기, 도자기 밀수 의혹 부동산정책 사령탑으로 내정된 노형욱 국토부 장관 후보자에게는 ‘부동산 투기 의혹’에 관한 질문이 쏟아졌다. 2011년 세종시의 공무원 특별공급 아파트를 분양받아 실제 거주하지..."
"365","[fn사설] 선무당 사람 잡는 부동산 세금","정부는 동시다발적인 부동산 증세 정책을 펴고 있다. 재산세는 굳이 세율을 올리지 않아도 공시가격이 오르면 저절로 오른다. 재산세를 계산할 때 공시가격을 기초자료로 삼기 때문이다. 올해 서울 아파트 공시가격은..."
"366","'집값 앗 뜨거' 목동·여의도·성수·압구정 거래허가구역 지정","오 시장은 취임 이후 공시가격 개선, 민간 재건축 활성화, 종합부동산세의 지방세 전환 등을 쏟아내며 정부와 부동산 정책을 두고 '엇박자'를 보여왔다. 오 시장은 최근 방문한 여의도 시범아파트 단지를 예로 들며 ""50년 된..."
"367","[사설] 한은 중립성에 의문 갖게 하는 통화정책 보고서","큰 논란을 부른 부동산대책과 재난지원금 정책 등을 단편적으로 접근한 점이 특히 실망스럽다. 보고서는 “주택시장 안정 대책 등의 영향으로 8월 들어 집값 오름세가 축소됐다”며 “이런 대책이 가격 상승 기대와..."
"368","부동산 잡아야 차기대권 잡는다…부동산 대책 '전국시대'","━ 오세훈 ""분양가 상한제, 반값아파트, 재개발 규제완화가 해법"" ━ 오세훈 전 서울시장은 지난 7일 '계층이동사다리'를 시대정신으로 제시하면서 그 일환으로 부동산정책 대안을 제시했다. 사실상 야권 대권주자..."
"369","與 초유의 부동산 감찰…176명 전원에 ""계약서 다 들고와라""","이런 가운데 김종인 미래통합당 비상대책위원장이 이날 문재인 정부의 부동산 정책에 대해 “갈지(之)자 행보를 걷고 있다”고 비판했다. 이날 오후 국회에서 여의도연구원 주최로 열린 ‘긴급 부동산 간담회’에서..."
"370","‘남원북철’된 文의 10大 대선 공약","소득주도성장, 최저임금 인상 등은 부작용이 더 크게 나타났고, 부동산 정책은 수십 번의 땜질 대책이 외려 집값 상승을 부추겼다는 지적이 나온다. 성태윤 연세대 경제학부 교수는 “노동시장에 큰 문제가 있었고, 오히려..."
"371","[朝鮮칼럼 The Column] 실전가와 훈수꾼","스물세 번인지 스물네 번인지 ‘두더지 잡기’형 부동산 정책이 대표적이다. 교수 출신 정책실장과 정치인 출신 장관 조합이 만든 정책들은 부동산 가격을 폭등시켜 역대 최대의 자산 격차를 초래했고 MZ 세대들의 미래를..."
"372","[itM]슈퍼여당 ‘부동산 과잉입법’…혼란에 빠진 시장 ‘질식 지경’","문재인 정부가 연일 부동산 정책의 고삐를 죄는 가운데 ‘슈퍼 여당’인 더불어민주당의 관련법 발의도 급증하고 있다. 국회의원들의 자유로운 입법 활동은 보장돼야 하지만, 법 개정으로 시장에 막대한 영향을 미칠 수..."
"373","[곽인찬 칼럼] 부동산 망치는 부동산 정치","김 의원은 페이스북에서 ""부동산 정책만큼은 '여기가 북한이냐'는 말이 나올 정도로 더 확실하게 때려잡아야 한다""고 말했다. 민주당이 부동산을 보는 시각을 또렷하게 보여준다. 북한처럼 하려면 집을 싸그리 몰수해서..."
"374","지상욱 “이낙연 부동산 해법 제시하라”···여의도연구원 간담회 공개 초대","미래통합당 지상욱 여의도연구원장이 8일 여의도연구원이 주최하는 부동산 정책 진단을 위한 간담회에 더불어민주당 이낙연 의원을 공개 초대했다. 지 의원은 문재인 대통령, 김현미 국토교통부 장관, 박원순 서울시장을..."
"375","통합당, 복귀하자마자 ‘부동산·인국공’ 성난 민심 등에 업고 與 압박","이날 국회로 돌아온 통합당은 곧바로 부동산 정책 진단 긴급 간담회부터 열었다. 김종인 통합당 비상대책위원장은 “(정부가) 국회에 부동산 가격 인상을 어떻게 하라며 책임을 미룬다”며 “이는 부동산 정책 실패를..."
"376","""세금·규제로 집값 잡겠다""…시장 외면한 '부동산 정치'가 악순환 불러","정부의 부동산 정책은 국민의 대다수인 서민에게 안정적인 주택을 공급하는 것인데, 서울 강남 등 일부 지역의 집값을 잡는 것을 목표로 삼고 있다는 것이다. 이마저도 공급 확대는 외면하고 세금 인상 등 규제를..."
"377","집값 급등에 지지층 이탈 우려…'부동산' 전면 나선 文","김현미 국토장관 긴급 보고 왜 / 6·17대책 후 되레 여론 악화 / 靑 참모진 다주택 알려지자 / 부동산 정책 신뢰도 떨어져 / 20대 국회서 발목 잡힌 후속법 / 우선 추진해 정책효과 살리기 / 국회선 종부세법 공방 불보듯..."
"378","종부세 최고세율 6%까지…당정, 10일 오전 부동산대책 발표","김태년 민주당 원내대표는 “다주택 및 투기성 주택에 대한 종부세를 대폭 강화하는 법안을 7월 국회에서 우선 처리하겠다”며 “비상한 각오로 투기 근절과 부동산 시장 안정화에 당 정책 역량을 집중하겠다”고..."
"379","민주당, 권익위에 與의원 전원 투기조사 의뢰","4·7 재·보궐선거를 앞두고 김상조 전 대통령정책실장까지 부동산 문제로 경질당하는 등 궁지에 몰리면서 ‘선제적 전수조사’ 카드를 꺼내 든 것으로 풀이된다. 권익위는 외부 인사를 포함한 태스크포스(TF)를 꾸려..."
"380","""내가 투기꾼이냐"" 아우성인데…김현미 ""부동산 더 손봐야""","이 정부 부동산정책 실패 원인이 전문성 부족에 있다고 믿는 이유”라며 비판의 글을 올린 데 이어서다. 박남춘 인천시장과 더불어민주당이 다수당인 인천시의회도 정부의 부동산 대책에 공식 반발하고 나섰다...."
"381","與ㆍ지자체까지 부동산 대책 비판 행렬, ""전면 재검토하라""","6ㆍ17 대책을 기점으로 정부의 부동산 정책이 전방위적인 비판에 직면한 셈이다. 30일 정치권과 일선 지자체들에 따르면 전날 21대 국회 이후 처음 열린 국토교통위원회 전체회의에서는 여당인 더불어민주당 의원들이 대거..."
"382","대선 1년 앞두고...與, 신불자 사면 추진","그는 부동산 정책과 관련해 대출 문턱 낮추기를 우선 추진하고 종합부동산세와 재산세 등 세제 정비를 종합적으로 검토할 것이라고 강조했다. 윤 위원장은 “부동산 정책 효과를 극대화하려다 보니 시장에서 불편을 느끼는..."
"383","[사설] 靑비서실장·정책실장 유임, 이래서 민심 수습되겠나","부동산 정책 실패에 따른 민심 이반이 심각한 만큼 당정청 경제정책 조율을 맡고 있는 청와대 김상조 정책실장과 이호승 경제수석도 책임을 물어야 한다. 문 대통령은 최근 “주택시장이 안정화되고 집값 상승세가..."
"384","부동산 입법 서두르는 민주당…통합 ""고혈 쥐어짜는 세금 폭탄""","이종배 정책위의장은 “22번째 부동산대책을 내용을 뜯어보면 부동산 취득, 보유, 양도하는 모든 단계에서 국민 고혈을 쥐어짜는 ‘세금 3종 폭탄’이 핵심”이라며 “정부의 주먹구구식, 땜질식 처방의 부동산 정책..."
"385","[사설]단계별 부동산 세금폭탄, '꼼수 증세' 지적 새겨야","사실과 다른 풍문이겠지만 부동산 정책에 대한 국민의 불신을 반영하는 얘기다. 정부는 국민에게 납세 고통만 안겨주는 부동산 대책 대신 공급을 늘리는 진짜 대책을 내놓아야 한다. 또 진정 증세가 필요하면 국민에게..."
"386","[사설]靑정책실장, 국토장관… 失政 책임자 뺀 인적 쇄신은 공허","노 실장과 수석들이 사의를 표명한 것은 부동산 정책 실패로 인한 심상치 않은 민심 때문일 것이다. 특히 노 실장과 김조원 민정수석 등이 다주택 처분 과정에서 보여준 언행은 부동산 정책에 대한 실망을 넘어 반감을..."
"387","부동산 논란 가중시킨 ‘주역’ 나란히 국무회의 참석","노 실장은 서울 반포동 아파트 대신 충북 청주의 아파트를 매물로 내놔 부동산 정책 불신을 가중시켰다는 비판을 받고 있으며 부동산 정책 주무장관인 김 장관은 야권으로부터 사퇴 요구를 받고 있다. 이날 회의는 문..."
"388","LH 사태 한 달 지나서 검찰 인력 500명 전담팀…'보여주기식 뒷북' 논란","뉴스1 문재인 대통령이 반부패정책협의회를 통해 부동산 투기 근절을 위한 ‘범정부 총력 대응체계 구축’을 주문한 가운데 이 사건 수사를 주도하고 있는 경찰뿐 아니라 검찰과 국세청 등 관계기관도 대응책 마련에..."
"389","경제 전문가 88% ""부동산 대책 잘못됐다""","또 10명 중 9명은 정부의 부동산 정책을 ""잘못하고 있다""고 평했다. 디지털타임스가 5일 국내 대학교수, 국책·민간 경제연구기관 연구위원, 금융권 임원 등 경제 전문가 50명을 대상으로 실시한 최근 경제 현안에..."
"390","[fn사설] 이제 실효성있는 부동산 공급대책 내놔야","본 난은 그동안 정부의 부동산정책이 수요와 공급에 의한 시장 자율기능을 좇기보다는 정치적 셈법에 의해 좌지우지돼 왔음을 경고했다. 하나만 보자. 정부·여당은 다주택자에게 내년 6월까지 집을 팔라고 압박하면서..."
"391","경실련 ""與는 부동산투기 조장당…177명중 40명 다주택""","성난 민심에 민주 긴급 전수조사 박병석 의장도 `똘똘한 한채` 논란 이낙연 ""노영민 강남 집 팔았으면"" ◆ 마구잡이 부동산대책 ◆ 부동산 정책 실패가 정부·여당 책임이란 비판이 커지면서 다주택 의원들을 향한 1가구..."
"392","[특별기고] 정책발표인가 소견발표인가","추미애 법무장관의 부동산 정책에 대한 조언도 국민을 혼란스럽게 한다. 어느 날 뜬금없이 '그린벨트 해제 반대'를 주장하더니 지난 주말에는 집값 상승의 원인으로 국민들이 투기해서 문제라고 했다. 청년이나 주부가..."
"393","단타성 투기에 징벌적 과세… 임대사업자 稅혜택도 없앤다 [22번째 부동산대책...","문 대통령은 지난 2일 김현미 국토부 장관에게 긴급 부동산대책 보고를 받고 추가대책을 마련하라고 직접 지시하면서 부동산 정책 컨트롤타워를 국토부로 명확히 했다. 문 대통령이 다주택자에 대한 종부세 강화 등을..."
"394","정부 ""갭투자, 내집마련 수단 아냐""… 전문가 ""방법 틀렸다"" [6·17 부동산대...","부동산 정책이 세부화되면서 실수요자 입장에서는 주택 마련을 위한 셈법이 갈수록 복잡해지고 있다는 지적도 나왔다. 김덕례 실장은 ""현 정부 들어 3년간 부동산대책이 누적되면서 상당히 세부화됐다""며 ""정부 정책은..."
"395","[한국일보 사설] 부동산 후속 대책, 투기ㆍ실수요 불안 함께 잡는게 관건","부동산정책 실패론은 20차례 이상 대책 시행에도 불구하고 집값 상승을 잡지 못한 데서 비롯됐다. 경실련에 따르면 현 정부 들어 3년간 서울 아파트 중위 가격은 약 52%가 급등해 이명박(3% 하락)ㆍ박근혜(29% 상승) 정부..."
"396","김상조 “부동산 안정 추가대책 준비”","무주택자-실수요자 불만 확산속 “쓸수있는 모든 정책수단 동원” 일각 “대출규제 강화 가능성” 김상조 대통령정책실장이 부동산 시장 안정을 위해 추가 대책을 내놓을 준비가 돼 있다고 밝혔다. 6·17대책으로 내 집..."
"397","與 납작 엎드렸는데… “집값폭등 세계적 현상”이라는 靑","부동산 정책 중에서 보완할 것은 신속하게 대책을 마련하고, 2·4 공급대책 관련 입법을 조속히 처리해 서민 주거를 안정시키겠다""고 했다. 이 선대위원장도 전날 기자회견에서 '내 집 마련 국가책임제'와 '50년 모기지 만기..."
"398","‘부동산 역풍’에 고개숙인 민주당, ‘다주택자 공개’ 카드 만지작","당 핵심 관계자는 “이해찬 대표가 3일 사과했지만 여론이 가라앉지 않고 있다”며 “이런 분위기라면 부동산정책에 대한 의지를 분명히 하기 위해서라도 다주택자 의원으로부터 약속을 받고 명단을 공개할 수 있을 것..."
"399","[로터리] 돈이 부동산으로 몰리는 이유","그런데 이에 대응하는 정부의 부동산 정책은 통화량을 포함한 본질은 외면한 채 세금을 올리고 유동성을 억제하는 수요억제책에 주로 방점을 두고 있다. 돈이 자꾸 풀리고 갈 곳이 마땅치 않으면 결국 국지적 인플레가..."
"400","홍남기 “주택공급, 지자체 단독으로 안돼”","기존 부동산 정책의 큰 틀을 유지하겠다는 의지를 표명하는 동시에, 오 시장에게는 정부 대책의 원활한 추진에 보폭을 맞춰 줄 것을 요청한 것으로 풀이된다. 세종 류찬희 선임기자"
